punto_clave_id,posicion_x,posicion_y,tama√±o,angulo,respuesta,octava
1,330.0,186.0,31.0,252.24586486816406,-0.00020495547505561262,0
2,50.0,37.0,31.0,41.09840774536133,-0.0002120415010722354,0
3,126.0,191.0,31.0,122.6773681640625,0.005627367179840803,0
4,478.0,56.0,31.0,31.119544982910156,-0.00022183357214089483,0
5,504.0,131.0,31.0,289.86767578125,-0.00019461748888716102,0
6,481.0,51.0,31.0,34.845481872558594,-0.00018682166410144418,0
7,573.0,256.0,31.0,238.38970947265625,-0.00022162124514579773,0
8,137.0,254.0,31.0,150.2586669921875,0.0011483103735372424,0
9,267.0,46.0,31.0,139.6497802734375,-0.00011483322305139154,0
10,146.0,202.0,31.0,329.0541076660156,0.0005392587627284229,0
11,469.0,251.0,31.0,305.0374450683594,-0.00016583518299739808,0
12,268.0,48.0,31.0,141.5516357421875,-8.872671605786309e-05,0
13,329.0,267.0,31.0,149.54209899902344,-0.0001219666373799555,0
14,413.0,32.0,31.0,126.8025131225586,0.0005154512473382056,0
15,114.0,182.0,31.0,122.67343139648438,0.002803920768201351,0
16,271.0,52.0,31.0,147.8031005859375,-6.345566362142563e-05,0
17,124.0,272.0,31.0,10.845108032226562,0.0013644268037751317,0
18,408.0,127.0,31.0,242.02456665039062,-0.00016796650015749037,0
19,140.0,256.0,31.0,58.00676727294922,0.001562276971526444,0
20,183.0,250.0,31.0,170.3275909423828,0.0010292123770341277,0
21,189.0,260.0,31.0,126.26506805419922,0.0011529213516041636,0
22,131.0,189.0,31.0,326.9149169921875,0.005024471320211887,0
23,181.0,250.0,31.0,161.16648864746094,2.7669710107147694e-05,0
24,128.0,194.0,31.0,129.87210083007812,0.0007410221151076257,0
25,192.0,265.0,31.0,131.12445068359375,0.0005862238467670977,0
26,502.0,130.0,31.0,294.7291259765625,-0.00015728047583252192,0
27,326.0,263.0,31.0,158.83303833007812,-5.4920572438277304e-05,0
28,499.0,128.0,31.0,303.7002868652344,-0.00010176038631470874,0
29,114.0,180.0,31.0,125.93534851074219,0.00047577579971402884,0
30,191.0,263.0,31.0,128.94210815429688,0.0016606147401034832,0
31,566.0,190.0,31.0,143.7789306640625,-0.0002270015247631818,0
32,472.0,256.0,31.0,307.8486022949219,-0.000317439844366163,0
33,554.0,179.0,31.0,128.87960815429688,-0.00032868870766833425,0
34,570.0,196.0,31.0,150.9536895751953,-0.00024154498532880098,0
35,336.0,274.0,31.0,136.5472869873047,-0.0004897601320408285,0
36,342.0,129.0,31.0,123.93402099609375,-0.0005620509036816657,0
37,503.0,31.0,31.0,72.7101821899414,-0.0005812390008941293,0
38,352.0,168.0,31.0,236.04266357421875,-0.00041037070332095027,0
39,410.0,126.0,31.0,244.39878845214844,-0.0002711768902372569,0
40,544.0,173.0,31.0,117.41117858886719,-0.00037352126673795283,0
41,475.0,61.0,31.0,27.762243270874023,-0.0005224762135185301,0
42,325.0,194.0,31.0,249.4589385986328,-0.00034522920032031834,0
43,347.0,171.0,31.0,229.0906219482422,-0.0003481327148620039,0
44,501.0,32.0,31.0,75.77696990966797,-0.0002771860163193196,0
45,555.0,133.0,31.0,231.83604431152344,-0.0005435264320112765,0
46,326.0,111.0,31.0,151.47344970703125,-0.0004321815795265138,0
47,572.0,258.0,31.0,243.93666076660156,-0.0005553867085836828,0
48,252.0,33.0,31.0,119.1634521484375,-0.00036599391023628414,0
49,44.0,41.0,31.0,51.3321647644043,-0.00045674742432311177,0
50,328.0,189.0,31.0,212.07937622070312,-0.00032079650554805994,0
51,282.0,259.0,31.0,216.38966369628906,-0.000534959021024406,0
52,474.0,259.0,31.0,315.0968322753906,-0.00042575530824251473,0
53,254.0,34.0,31.0,121.27067565917969,-0.00030747419805265963,0
54,340.0,127.0,31.0,126.49507141113281,-0.0004989368026144803,0
55,249.0,31.0,31.0,113.69142150878906,-0.0004290532961022109,0
56,548.0,175.0,31.0,126.95735168457031,-0.00033911323407664895,0
57,327.0,191.0,31.0,238.64013671875,-0.00033878342946991324,0
58,354.0,167.0,31.0,251.57073974609375,-0.00041472783777862787,0
59,567.0,192.0,31.0,145.96791076660156,-0.0002443675766699016,0
60,332.0,120.0,31.0,140.57351684570312,-0.00042148190550506115,0
61,571.0,198.0,31.0,152.86219787597656,-0.0002479171089362353,0
62,546.0,174.0,31.0,121.91145324707031,-0.00033581932075321674,0
63,209.0,174.0,31.0,62.544761657714844,-0.0005795733304694295,0
64,328.0,114.0,31.0,148.16949462890625,-0.0004311952507123351,0
65,274.0,183.0,31.0,136.24853515625,-0.00047525702393613756,0
66,350.0,169.0,31.0,213.61734008789062,-0.00042002770351246,0
67,269.0,180.0,31.0,123.21018981933594,-0.00039399939123541117,0
68,471.0,254.0,31.0,312.83953857421875,-0.00024641462368890643,0
69,345.0,172.0,31.0,253.60589599609375,-0.00026814555167220533,0
70,189.0,196.0,31.0,23.29250717163086,-0.0006038052961230278,0
71,345.0,131.0,31.0,124.07612609863281,-0.0006101225735619664,0
72,188.0,198.0,31.0,24.95719337463379,-0.0006701405509375036,0
73,564.0,271.0,31.0,40.507659912109375,-0.001150060212239623,0
74,206.0,176.0,31.0,61.49788284301758,-0.0010860806796699762,0
75,284.0,256.0,31.0,214.2173614501953,-0.0008656897116452456,0
76,143.0,252.0,31.0,35.10454177856445,-0.0011505314614623785,0
77,571.0,43.0,31.0,137.38568115234375,-0.0009324628626927733,0
78,350.0,134.0,31.0,122.0700912475586,-0.0008145095780491829,0
79,552.0,135.0,31.0,233.42495727539062,-0.0006362278363667428,0
80,46.0,269.0,31.0,167.22042846679688,-0.001017910079099238,0
81,324.0,100.0,31.0,158.59800720214844,-0.0006419912679120898,0
82,474.0,63.0,31.0,26.12160301208496,-0.0006405668100342155,0
83,270.0,269.0,31.0,240.03317260742188,-0.0010837492300197482,0
84,564.0,175.0,31.0,303.72723388671875,-0.0010469028493389487,0
85,352.0,135.0,31.0,121.20037078857422,-0.0010470164706930518,0
86,347.0,132.0,31.0,124.98127746582031,-0.0007043227087706327,0
87,524.0,138.0,31.0,267.2037353515625,-0.0007937881746329367,0
88,267.0,35.0,31.0,171.1505584716797,-0.0010377217549830675,0
89,190.0,194.0,31.0,23.233095169067383,-0.0008029048331081867,0
90,325.0,102.0,31.0,155.98458862304688,-0.0008652487304061651,0
91,149.0,246.0,31.0,17.719457626342773,-0.0010909046977758408,0
92,408.0,130.0,31.0,245.8421630859375,-0.000980721553787589,0
93,332.0,45.0,31.0,242.02572631835938,-0.0006722099496982992,0
94,473.0,65.0,31.0,24.009273529052734,-0.0007465609814971685,0
95,432.0,103.0,31.0,189.6139678955078,-0.0008769618580117822,0
96,431.0,105.0,31.0,188.52403259277344,-0.0011602402664721012,0
97,150.0,244.0,31.0,15.364644050598145,-0.0009195275488309562,0
98,411.0,128.0,31.0,259.1676025390625,-0.0007015635492280126,0
99,324.0,57.0,31.0,196.73471069335938,-0.0008380674407817423,0
100,329.0,49.0,31.0,203.10806274414062,-0.0011238016886636615,0
101,126.0,200.0,31.0,139.1035919189453,-0.0008244381751865149,0
102,128.0,203.0,31.0,142.06346130371094,-0.0011773835867643356,0
103,327.0,52.0,31.0,202.01649475097656,-0.001213603070937097,0
104,326.0,54.0,31.0,200.6239471435547,-0.0012223285157233477,0
105,568.0,265.0,31.0,209.87432861328125,-0.0012363882269710302,0
106,121.0,274.0,31.0,21.627912521362305,-0.0012802889104932547,0
107,129.0,205.0,31.0,146.55657958984375,-0.0012839138507843018,0
108,274.0,119.0,31.0,38.135135650634766,-0.001285143312998116,0
109,138.0,252.0,31.0,158.96942138671875,-0.0013214412610977888,0
110,571.2000122070312,259.20001220703125,37.20000076293945,255.55279541015625,-0.00018238920893054456,1
111,404.4000244140625,132.0,37.20000076293945,243.4781494140625,-0.00021980504970997572,1
112,132.0,210.00001525878906,37.20000076293945,154.9240264892578,-0.0008075378718785942,1
113,150.0,243.60000610351562,37.20000076293945,14.728438377380371,-0.0007319877040572464,1
114,477.6000061035156,56.400001525878906,37.20000076293945,30.93120002746582,-5.3955584007781e-05,1
115,432.0000305175781,103.20000457763672,37.20000076293945,172.74681091308594,-0.0007354177650995553,1
116,196.8000030517578,183.60000610351562,37.20000076293945,35.63819885253906,-0.0006769429892301559,1
117,326.4000244140625,104.4000015258789,37.20000076293945,156.20973205566406,-0.0006488642538897693,1
118,500.4000244140625,176.40000915527344,37.20000076293945,65.09329223632812,-0.00046058790758252144,1
119,472.8000183105469,256.8000183105469,37.20000076293945,306.7402648925781,-0.00018006747995968908,1
120,180.0,248.40000915527344,37.20000076293945,161.27012634277344,0.00025413185358047485,1
121,324.0,195.60000610351562,37.20000076293945,237.505615234375,-0.00015836050442885607,1
122,351.6000061035156,168.0,37.20000076293945,243.17367553710938,-0.0001621895207790658,1
123,410.4000244140625,128.40000915527344,37.20000076293945,266.61004638671875,-0.0008429353474639356,1
124,48.0,124.80000305175781,37.20000076293945,304.42413330078125,-0.0005942544667050242,1
125,128.40000915527344,194.40000915527344,37.20000076293945,130.49594116210938,0.0009085139608941972,1
126,327.6000061035156,40.80000305175781,37.20000076293945,215.64996337890625,-0.0006904011243022978,1
127,202.8000030517578,132.0,37.20000076293945,128.58692932128906,-0.0007605357677675784,1
128,126.00000762939453,200.40000915527344,37.20000076293945,138.9382781982422,-0.00037954916479066014,1
129,186.0,254.40000915527344,37.20000076293945,160.11216735839844,0.0003393482475075871,1
130,484.8000183105469,189.60000610351562,37.20000076293945,42.3015022277832,-0.0006468521896749735,1
131,268.8000183105469,180.0,37.20000076293945,127.03182220458984,-0.0004180167452432215,1
132,300.0,211.20001220703125,37.20000076293945,345.9947204589844,-0.0006564506911672652,1
133,190.8000030517578,256.8000183105469,37.20000076293945,342.1022644042969,-0.00016543304082006216,1
134,424.8000183105469,42.0,37.20000076293945,114.50982666015625,-0.0001648792822379619,1
135,324.0,106.80000305175781,37.20000076293945,154.77609252929688,-0.00014269798703026026,1
136,126.00000762939453,190.8000030517578,37.20000076293945,121.01560974121094,0.002626461675390601,1
137,432.0000305175781,45.60000228881836,37.20000076293945,331.3121337890625,-0.00024175380531232804,1
138,571.2000122070312,198.00001525878906,37.20000076293945,155.3811798095703,-0.0001891751744551584,1
139,188.40000915527344,259.20001220703125,37.20000076293945,132.85992431640625,0.0004928576527163386,1
140,543.6000366210938,172.8000030517578,37.20000076293945,119.00402069091797,-0.00022776845435146242,1
141,178.8000030517578,246.00001525878906,37.20000076293945,157.91612243652344,-0.00011832190648419783,1
142,474.0000305175781,259.20001220703125,37.20000076293945,305.443603515625,-0.00023520701506640762,1
143,482.4000244140625,132.0,37.20000076293945,124.94259643554688,-0.0007023322395980358,1
144,469.20001220703125,250.8000030517578,37.20000076293945,297.6752624511719,-7.288371853064746e-05,1
145,190.8000030517578,262.8000183105469,37.20000076293945,131.11767578125,0.000707808998413384,1
146,554.4000244140625,133.20001220703125,37.20000076293945,229.670654296875,0.00015949239605106413,1
147,295.20001220703125,198.00001525878906,37.20000076293945,334.59600830078125,-0.00046090735122561455,1
148,523.2000122070312,138.0,37.20000076293945,269.31622314453125,-0.0007235007360577583,1
149,288.0,198.00001525878906,37.20000076293945,148.57504272460938,-0.0005024207639507949,1
150,568.800048828125,262.8000183105469,37.20000076293945,248.6094970703125,-0.00047134290798567235,1
151,146.40000915527344,202.8000030517578,37.20000076293945,332.62493896484375,0.0002988639462273568,1
152,374.4000244140625,162.0,37.20000076293945,205.82809448242188,-0.0006510849925689399,1
153,483.6000061035156,265.20001220703125,37.20000076293945,319.3883056640625,-0.000317467754939571,1
154,481.20001220703125,124.80000305175781,37.20000076293945,240.84039306640625,-0.0007423133356496692,1
155,322.8000183105469,198.00001525878906,37.20000076293945,242.28439331054688,-0.00017500108515378088,1
156,208.8000030517578,174.0,37.20000076293945,63.95580291748047,-0.000287038303213194,1
157,567.6000366210938,265.20001220703125,37.20000076293945,259.6116027832031,-0.0005442869733087718,1
158,324.0,99.60000610351562,37.20000076293945,161.74234008789062,-0.00043838663259521127,1
159,178.8000030517578,49.20000076293945,37.20000076293945,221.87298583984375,-0.0005856119096279144,1
160,406.8000183105469,130.8000030517578,37.20000076293945,262.76593017578125,-0.0002825785195454955,1
161,129.60000610351562,196.8000030517578,37.20000076293945,138.5869903564453,-0.0005460490938276052,1
162,324.0,57.60000228881836,37.20000076293945,188.32363891601562,-0.00038016645703464746,1
163,498.0000305175781,177.60000610351562,37.20000076293945,61.69385528564453,-0.00041020361823029816,1
164,504.0000305175781,130.8000030517578,37.20000076293945,289.7913513183594,-8.588063792558387e-05,1
165,558.0,130.8000030517578,37.20000076293945,228.9365692138672,-0.00015795962826814502,1
166,573.6000366210938,46.80000305175781,37.20000076293945,140.848876953125,-0.0004728574713226408,1
167,288.0,193.20001220703125,37.20000076293945,297.2860412597656,-0.0007199628162197769,1
168,184.8000030517578,198.00001525878906,37.20000076293945,9.440181732177734,-0.0005943769938312471,1
169,570.0,129.60000610351562,37.20000076293945,27.368576049804688,0.00021897965052630752,1
170,567.6000366210938,130.8000030517578,37.20000076293945,25.99024772644043,-0.0007120913942344487,1
171,504.0000305175781,174.0,37.20000076293945,70.37741088867188,-0.0004977774806320667,1
172,546.0,174.0,37.20000076293945,123.21015167236328,-0.00022201820684131235,1
173,354.0,166.8000030517578,37.20000076293945,240.328369140625,-0.00016317347763106227,1
174,506.4000244140625,172.8000030517578,37.20000076293945,75.48650360107422,-0.0004946519038639963,1
175,112.80000305175781,178.8000030517578,37.20000076293945,249.6474609375,-0.0004928490379825234,1
176,346.8000183105469,132.0,37.20000076293945,124.2625961303711,-0.00041195182711817324,1
177,124.80000305175781,198.00001525878906,37.20000076293945,135.3355712890625,-0.0003812717623077333,1
178,426.0000305175781,44.400001525878906,37.20000076293945,121.15269470214844,-5.476044862007257e-06,1
179,483.6000061035156,192.0,37.20000076293945,39.563655853271484,-0.0006538571906276047,1
180,472.8000183105469,66.0,37.20000076293945,21.113656997680664,-0.00021149616804905236,1
181,184.8000030517578,204.00001525878906,37.20000076293945,18.513351440429688,-0.0003634343156591058,1
182,128.40000915527344,204.00001525878906,37.20000076293945,144.98822021484375,-0.0004995380877517164,1
183,132.0,200.40000915527344,37.20000076293945,145.79071044921875,-0.0008489217725582421,1
184,264.0,169.20001220703125,37.20000076293945,303.58343505859375,-0.000851722143124789,1
185,330.0,37.20000076293945,37.20000076293945,221.32089233398438,-0.0008593783131800592,1
186,51.60000228881836,127.20000457763672,37.20000076293945,309.4272766113281,-0.0008816232439130545,1
187,324.0,48.0,37.20000076293945,204.36569213867188,-0.0008884688140824437,1
188,560.4000244140625,129.60000610351562,37.20000076293945,233.78057861328125,-0.0008974635857157409,1
189,146.40000915527344,249.60000610351562,37.20000076293945,26.295089721679688,-0.000898956146556884,1
190,477.6000061035156,120.00000762939453,37.20000076293945,293.14825439453125,-0.0009011304937303066,1
191,480.0000305175781,196.8000030517578,37.20000076293945,32.499149322509766,-0.0009155789157375693,1
192,289.20001220703125,195.60000610351562,37.20000076293945,309.97760009765625,-0.0009167099487967789,1
193,478.8000183105469,199.20001220703125,37.20000076293945,30.082761764526367,-0.0009380826377309859,1
194,136.8000030517578,226.8000030517578,37.20000076293945,181.12660217285156,-0.0009920359589159489,1
195,150.0,208.8000030517578,37.20000076293945,340.32379150390625,-0.0009968477534130216,1
196,148.8000030517578,246.00001525878906,37.20000076293945,16.972599029541016,-0.001002900768071413,1
197,291.6000061035156,199.20001220703125,37.20000076293945,340.2923889160156,-0.0010134810581803322,1
198,200.40000915527344,181.20001220703125,37.20000076293945,44.37226104736328,-0.001013992470689118,1
199,270.0,172.8000030517578,37.20000076293945,307.73876953125,-0.0010178658412769437,1
200,123.84000396728516,187.20001220703125,44.6400032043457,108.292724609375,0.0015869130147621036,2
201,187.20001220703125,250.5600128173828,44.6400032043457,321.388916015625,-0.00014835016918368638,2
202,184.32000732421875,246.24000549316406,44.6400032043457,307.91595458984375,0.00024152333207894117,2
203,180.0,247.6800079345703,44.6400032043457,155.32345581054688,0.0003616022295318544,2
204,142.5600128173828,198.72000122070312,44.6400032043457,330.9994812011719,0.00022300161072053015,2
205,139.6800079345703,197.28001403808594,44.6400032043457,327.2254333496094,0.000835163111332804,2
206,472.32000732421875,256.32000732421875,44.6400032043457,292.10772705078125,-3.62895370926708e-05,2
207,131.04000854492188,198.72000122070312,44.6400032043457,142.35818481445312,-7.875241135479882e-05,2
208,136.8000030517578,252.00001525878906,44.6400032043457,135.23484802246094,0.0004916327889077365,2
209,286.55999755859375,190.0800018310547,44.6400032043457,292.0174255371094,-0.00013735519314650446,2
210,480.96002197265625,125.2800064086914,44.6400032043457,126.10560607910156,-0.00013711639621760696,2
211,322.55999755859375,197.28001403808594,44.6400032043457,250.5554656982422,-5.901366239413619e-05,2
212,125.2800064086914,184.32000732421875,44.6400032043457,319.3365478515625,-7.238243415486068e-05,2
213,188.6400146484375,259.20001220703125,44.6400032043457,146.6739501953125,0.00023310721735469997,2
214,498.2400207519531,177.12001037597656,44.6400032043457,62.112693786621094,-0.00019808174693025649,2
215,565.9200439453125,131.04000854492188,44.6400032043457,39.17987060546875,-3.58695542672649e-05,2
216,367.20001220703125,162.72000122070312,44.6400032043457,191.59303283691406,-0.0001333217223873362,2
217,126.72000122070312,191.52000427246094,44.6400032043457,127.06271362304688,0.0011637042043730617,2
218,128.16000366210938,203.04000854492188,44.6400032043457,145.18524169921875,-0.00016745329776313156,2
219,495.3600158691406,178.5600128173828,44.6400032043457,57.81264114379883,-0.00020034128101542592,2
220,282.2400207519531,184.32000732421875,44.6400032043457,295.71917724609375,-0.00018965966592077166,2
221,133.9199981689453,191.52000427246094,44.6400032043457,321.298828125,0.0011057982919737697,2
222,48.96000289916992,125.2800064086914,44.6400032043457,287.9228820800781,-0.0001658589899307117,2
223,324.0,106.56000518798828,44.6400032043457,156.12493896484375,-6.719086286466336e-06,2
224,129.60000610351562,195.8400115966797,44.6400032043457,136.14181518554688,0.0003156613383907825,2
225,473.760009765625,63.36000061035156,44.6400032043457,24.06296157836914,-5.006672290619463e-05,2
226,185.760009765625,253.44000244140625,44.6400032043457,154.5767059326172,4.521413575275801e-05,2
227,119.52000427246094,184.32000732421875,44.6400032043457,119.39836883544922,0.0009558293386362493,2
228,561.6000366210938,128.16000366210938,44.6400032043457,233.39517211914062,-0.00013599704834632576,2
229,178.5600128173828,48.96000289916992,44.6400032043457,228.8452606201172,-0.0002070871414616704,2
230,334.08001708984375,47.52000045776367,44.6400032043457,26.348413467407227,-0.00033292852458544075,2
231,288.0,192.9600067138672,44.6400032043457,287.72967529296875,-0.00022354867542162538,2
232,325.44000244140625,44.6400032043457,44.6400032043457,209.5625,-0.00035263170138932765,2
233,480.96002197265625,194.40000915527344,44.6400032043457,35.452117919921875,-0.0003623248776420951,2
234,479.52001953125,197.28001403808594,44.6400032043457,31.818065643310547,-0.0003061737515963614,2
235,292.32000732421875,213.12001037597656,44.6400032043457,164.43399047851562,-0.00028952397406101227,2
236,324.0,47.52000045776367,44.6400032043457,204.22683715820312,-0.00034947265521623194,2
237,318.2400207519531,216.00001525878906,44.6400032043457,342.3907775878906,-0.00024686672259122133,2
238,565.9200439453125,136.8000030517578,44.6400032043457,54.93741989135742,-0.00024053544620983303,2
239,263.52001953125,168.48001098632812,44.6400032043457,303.99261474609375,-0.00029104980058036745,2
240,293.760009765625,198.72000122070312,44.6400032043457,334.59564208984375,-0.0002505465818103403,2
241,266.4000244140625,126.72000122070312,44.6400032043457,51.046897888183594,-0.00022884868667460978,2
242,136.8000030517578,102.24000549316406,44.6400032043457,182.8638916015625,-0.0003060268354602158,2
243,204.48001098632812,132.48001098632812,44.6400032043457,123.41468048095703,-0.0002906072186306119,2
244,51.840003967285156,126.72000122070312,44.6400032043457,304.84796142578125,-0.00032564898720011115,2
245,324.0,99.36000061035156,44.6400032043457,167.1110076904297,-0.0002994048409163952,2
246,286.55999755859375,195.8400115966797,44.6400032043457,167.81686401367188,-0.00023283874907065183,2
247,135.36000061035156,105.12000274658203,44.6400032043457,188.82212829589844,-0.0003669864381663501,2
248,473.760009765625,112.32000732421875,44.6400032043457,294.2478942871094,-0.0006821720162406564,2
249,430.5600280761719,53.28000259399414,44.6400032043457,154.5819549560547,-0.0006296760402619839,2
250,148.32000732421875,205.92001342773438,44.6400032043457,338.43603515625,-0.0004357952275313437,2
251,205.92001342773438,177.12001037597656,44.6400032043457,50.504905700683594,-0.0005964385927654803,2
252,338.4000244140625,115.20000457763672,44.6400032043457,351.5939025878906,-0.0005194871919229627,2
253,136.8000030517578,109.44000244140625,44.6400032043457,33.96992111206055,-0.0007017513271421194,2
254,122.4000015258789,120.96000671386719,44.6400032043457,215.3218231201172,-0.0006387075409293175,2
255,433.44000244140625,50.400001525878906,44.6400032043457,330.7445068359375,-0.0004501622461248189,2
256,129.60000610351562,113.76000213623047,44.6400032043457,210.86273193359375,-0.0003820509882643819,2
257,180.0,53.28000259399414,44.6400032043457,294.859619140625,-0.0006207377300597727,2
258,406.08001708984375,168.48001098632812,44.6400032043457,253.46047973632812,-0.0006728802109137177,2
259,201.60000610351562,180.0,44.6400032043457,43.642520904541016,-0.00048358648200519383,2
260,358.5600280761719,132.48001098632812,44.6400032043457,75.78778839111328,-0.0006598097388632596,2
261,151.20001220703125,240.48001098632812,44.6400032043457,12.357860565185547,-0.000382499594707042,2
262,185.760009765625,195.8400115966797,44.6400032043457,353.8345031738281,-0.0006719118100591004,2
263,479.52001953125,257.760009765625,44.6400032043457,326.2609558105469,-0.0005832830793224275,2
264,280.8000183105469,181.44000244140625,44.6400032043457,300.32818603515625,-0.0006429034983739257,2
265,136.8000030517578,226.0800018310547,44.6400032043457,180.76821899414062,-0.0003786254092119634,2
266,336.96002197265625,112.32000732421875,44.6400032043457,343.3049011230469,-0.0005300144548527896,2
267,419.0400085449219,119.52000427246094,44.6400032043457,214.69232177734375,-0.0006312328041531146,2
268,472.32000732421875,120.96000671386719,44.6400032043457,149.91432189941406,-0.00045434123603627086,2
269,149.760009765625,243.36001586914062,44.6400032043457,15.900288581848145,-0.0005256786826066673,2
270,61.92000198364258,169.92001342773438,44.6400032043457,244.6044158935547,-0.0006057482678443193,2
271,286.55999755859375,250.5600128173828,44.6400032043457,219.8756103515625,-0.0004335265257395804,2
272,403.20001220703125,167.04000854492188,44.6400032043457,250.13021850585938,-0.0004961787490174174,2
273,388.8000183105469,162.72000122070312,44.6400032043457,205.72113037109375,-0.0004911160212941468,2
274,341.2799987792969,119.52000427246094,44.6400032043457,15.408278465270996,-0.0007121881935745478,2
275,119.23200988769531,184.89601135253906,53.5680046081543,111.42216491699219,0.00046116142766550183,3
276,430.27203369140625,53.5680046081543,53.5680046081543,150.7699737548828,-6.944046617718413e-05,3
277,129.60000610351562,196.9920196533203,53.5680046081543,141.20010375976562,0.00027734824107028544,3
278,480.384033203125,195.26402282714844,53.5680046081543,32.98338317871094,-0.00012728053843602538,3
279,432.0000305175781,57.02400588989258,53.5680046081543,160.24252319335938,-0.00016360775043722242,3
280,183.1680145263672,245.3760223388672,53.5680046081543,95.76753997802734,0.0003545476065482944,3
281,136.5120086669922,247.10401916503906,53.5680046081543,160.39620971679688,-0.00019365469051990658,3
282,264.384033203125,122.6880111694336,53.5680046081543,355.6855773925781,-0.0002253936545457691,3
283,471.7440490722656,120.96001434326172,53.5680046081543,150.37962341308594,-5.520741251530126e-05,3
284,438.91204833984375,60.48000717163086,53.5680046081543,295.3117980957031,-0.00031933834543451667,3
285,409.5360412597656,171.072021484375,53.5680046081543,260.6185607910156,-0.00029504590202122927,3
286,475.2000427246094,60.48000717163086,53.5680046081543,23.580224990844727,-6.932888936717063e-05,3
287,172.80001831054688,62.2080078125,53.5680046081543,191.27239990234375,-0.00014407013077288866,3
288,127.87200927734375,193.5360107421875,53.5680046081543,132.7578887939453,0.0005028318264521658,3
289,179.71202087402344,248.83203125,53.5680046081543,145.4835205078125,0.0003443214518483728,3
290,129.60000610351562,120.96001434326172,53.5680046081543,43.52180862426758,-0.00027386812143959105,3
291,473.4720458984375,63.936004638671875,53.5680046081543,16.954715728759766,-4.371801333036274e-05,3
292,138.24002075195312,107.1360092163086,53.5680046081543,31.2814884185791,-0.00012759590754285455,3
293,186.6240234375,250.56002807617188,53.5680046081543,43.736045837402344,4.4749645894626155e-05,3
294,482.112060546875,191.80801391601562,53.5680046081543,36.99394989013672,-0.00014501552504952997,3
295,286.8480224609375,191.80801391601562,53.5680046081543,293.7302551269531,-0.00020663021132349968,3
296,336.96002197265625,114.04801177978516,53.5680046081543,28.278249740600586,-0.00023451907327398658,3
297,473.4720458984375,112.32000732421875,53.5680046081543,246.10134887695312,-0.00024447834584861994,3
298,134.7840118408203,191.80801391601562,53.5680046081543,319.5836486816406,0.00032035235199145973,3
299,264.384033203125,169.34400939941406,53.5680046081543,297.2508239746094,-0.00025885275681503117,3
300,259.20001220703125,165.8880157470703,53.5680046081543,294.190185546875,-0.00015050708316266537,3
301,136.5120086669922,110.59201049804688,53.5680046081543,32.23899841308594,-0.00016656024672556669,3
302,335.2320251464844,110.59201049804688,53.5680046081543,355.9800109863281,-0.0001888236147351563,3
303,145.15200805664062,250.56002807617188,53.5680046081543,42.1794319152832,2.617890231704223e-06,3
304,127.87200927734375,203.90402221679688,53.5680046081543,146.31936645507812,-1.558107578603085e-05,3
305,255.7440185546875,164.16001892089844,53.5680046081543,292.44195556640625,-0.00032728546648286283,3
306,124.416015625,184.89601135253906,53.5680046081543,319.2714538574219,0.0006632012664340436,3
307,292.0320129394531,202.176025390625,53.5680046081543,323.57366943359375,-0.00030739131034351885,3
308,355.9680480957031,131.32801818847656,53.5680046081543,86.45783233642578,-0.0002570492506492883,3
309,259.20001220703125,131.32801818847656,53.5680046081543,60.76213073730469,-0.0001793652045307681,3
310,131.32801818847656,209.0880126953125,53.5680046081543,155.2565460205078,-1.4730852853972465e-05,3
311,281.6640319824219,183.1680145263672,53.5680046081543,300.4098815917969,-0.00019970108405686915,3
312,202.176025390625,131.32801818847656,53.5680046081543,139.87918090820312,-0.00010929724521702155,3
313,136.5120086669922,210.81602478027344,53.5680046081543,160.3223114013672,-0.00022032491688150913,3
314,352.51202392578125,129.60000610351562,53.5680046081543,117.61752319335938,-0.0002323413937119767,3
315,292.0320129394531,214.2720184326172,53.5680046081543,180.07046508789062,-7.192377233877778e-05,3
316,317.9520263671875,216.00001525878906,53.5680046081543,346.156982421875,-0.00019094407616648823,3
317,136.5120086669922,226.36802673339844,53.5680046081543,176.50108337402344,-0.00020225152547936887,3
318,202.176025390625,179.71202087402344,53.5680046081543,32.89918899536133,-0.00028619932709261775,3
319,136.5120086669922,101.95201110839844,53.5680046081543,57.942813873291016,-0.00020989072800148278,3
320,292.0320129394531,231.55201721191406,53.5680046081543,183.3994140625,-0.0002443397243041545,3
321,359.4240417480469,133.05601501464844,53.5680046081543,71.0853042602539,-0.00029744277708232403,3
322,114.04801177978516,126.14401245117188,53.5680046081543,226.27505493164062,-0.0002534152881707996,3
323,260.92803955078125,124.416015625,53.5680046081543,307.5447998046875,-0.00025422428734600544,3
324,122.6880111694336,120.96001434326172,53.5680046081543,182.6554412841797,-0.0001825457438826561,3
325,257.4720153808594,126.14401245117188,53.5680046081543,237.702392578125,-0.0003439492720644921,3
326,138.24002075195312,216.00001525878906,53.5680046081543,170.7501220703125,-0.0003478399012237787,3
327,342.14404296875,120.96001434326172,53.5680046081543,100.60997009277344,-0.00036218282184563577,3
328,556.4160766601562,141.69601440429688,53.5680046081543,64.524169921875,-0.0003807159373536706,3
329,57.02400588989258,190.08001708984375,53.5680046081543,69.59355926513672,-0.00038515959749929607,3
330,466.56005859375,112.32000732421875,53.5680046081543,159.90744018554688,-0.00039014199865050614,3
331,473.4720458984375,210.81602478027344,53.5680046081543,12.028478622436523,-0.0003912796382792294,3
332,317.9520263671875,228.0960235595703,53.5680046081543,356.4478759765625,-0.00039931791252456605,3
333,179.71202087402344,53.5680046081543,53.5680046081543,271.40301513671875,-0.0004079104692209512,3
334,414.72003173828125,131.32801818847656,53.5680046081543,53.707977294921875,-0.00040799457929097116,3
335,324.8640441894531,250.56002807617188,53.5680046081543,226.52122497558594,-0.00041145592695102096,3
336,432.0000305175781,115.77600860595703,53.5680046081543,43.491851806640625,-0.0004215122608002275,3
337,549.5040283203125,136.5120086669922,53.5680046081543,217.73126220703125,-0.00042513906373642385,3
338,402.2784423828125,167.9616241455078,64.28160858154297,85.3347396850586,-0.00012032016820739955,4
339,416.7936706542969,122.34241485595703,64.28160858154297,96.47076416015625,-0.00015101383905857801,4
340,416.7936706542969,176.2560272216797,64.28160858154297,274.10308837890625,-0.0001675557141425088,4
341,194.91842651367188,184.55043029785156,64.28160858154297,333.6495361328125,-0.00012646100367419422,4
342,296.52484130859375,236.3904266357422,64.28160858154297,145.8732452392578,-0.00018550829554442316,4
343,497.6640625,178.32962036132812,64.28160858154297,62.82096862792969,-2.8917373128933832e-05,4
344,248.83203125,136.8576202392578,64.28160858154297,325.81201171875,-7.97750471974723e-05,4
345,404.35205078125,136.8576202392578,64.28160858154297,37.15333938598633,-7.040839409455657e-05,4
346,134.7840118408203,209.43362426757812,64.28160858154297,160.72727966308594,-0.00017797021428123116,4
347,211.50723266601562,136.8576202392578,64.28160858154297,205.96104431152344,-3.705940252984874e-05,4
348,203.21282958984375,178.32962036132812,64.28160858154297,6.533407211303711,-0.00016604365373495966,4
349,128.56321716308594,205.2864227294922,64.28160858154297,149.5159149169922,-9.270450391341e-06,4
350,118.1952133178711,176.2560272216797,64.28160858154297,301.7326354980469,-0.0001497482880949974,4
351,265.42083740234375,122.34241485595703,64.28160858154297,359.8757629394531,-0.00012304045958444476,4
352,410.5728454589844,126.48961639404297,64.28160858154297,154.8897705078125,-7.437237945850939e-05,4
353,134.7840118408203,105.75361633300781,64.28160858154297,35.48182678222656,-0.00016414375568274409,4
354,472.7808532714844,211.50723266601562,64.28160858154297,4.792649269104004,-0.0001524459948996082,4
355,257.1264343261719,165.88803100585938,64.28160858154297,340.21734619140625,-5.573476664721966e-05,4
356,406.4256591796875,170.03521728515625,64.28160858154297,246.89569091796875,-0.00014682457549497485,4
357,483.14886474609375,190.77122497558594,64.28160858154297,40.10768127441406,-5.6672794016776606e-05,4
358,410.5728454589844,172.10882568359375,64.28160858154297,260.34130859375,-0.00014884091797284782,4
359,329.70245361328125,101.60641479492188,64.28160858154297,111.87867736816406,-0.00012805544247385114,4
360,118.1952133178711,184.55043029785156,64.28160858154297,306.7981262207031,0.0001367082295473665,4
361,122.34241485595703,184.55043029785156,64.28160858154297,308.6585388183594,0.0002724779478739947,4
362,111.97441864013672,134.7840118408203,64.28160858154297,64.82640838623047,-0.00018001400167122483,4
363,412.6464538574219,132.71041870117188,64.28160858154297,65.36738586425781,-6.461660814238712e-05,4
364,282.0096435546875,184.55043029785156,64.28160858154297,304.9183349609375,-0.00014469896268565208,4
365,331.77606201171875,105.75361633300781,64.28160858154297,58.657169342041016,-9.358911484014243e-05,4
366,292.3776550292969,230.1696319580078,64.28160858154297,180.2008056640625,-7.727371121291071e-05,4
367,354.5856628417969,130.63682556152344,64.28160858154297,77.14827728271484,-6.36699769529514e-05,4
368,136.8576202392578,228.09603881835938,64.28160858154297,176.7187957763672,-0.00011806108523160219,4
369,124.416015625,188.6976318359375,64.28160858154297,304.9430847167969,0.0004025263187941164,4
370,464.4864501953125,107.82721710205078,64.28160858154297,72.72895812988281,-6.758213567081839e-05,4
371,136.8576202392578,109.90081787109375,64.28160858154297,33.79987716674805,-0.00010287527402397245,4
372,118.1952133178711,130.63682556152344,64.28160858154297,59.32012176513672,-0.00011998340050922707,4
373,350.4384460449219,128.56321716308594,64.28160858154297,103.50960540771484,-8.561382128391415e-05,4
374,134.7840118408203,192.84483337402344,64.28160858154297,319.0664367675781,0.00037869889638386667,4
375,317.2608337402344,219.8016357421875,64.28160858154297,349.1746520996094,-9.975449211196974e-05,4
376,335.9232482910156,111.97441864013672,64.28160858154297,36.6085319519043,-9.44744169828482e-05,4
377,466.56005859375,111.97441864013672,64.28160858154297,108.76924133300781,-6.688068242510781e-05,4
378,472.7808532714844,111.97441864013672,64.28160858154297,201.449462890625,-3.7609879655065015e-05,4
379,423.01446533203125,114.04801940917969,64.28160858154297,166.41390991210938,-0.00016766067710705101,4
380,132.71041870117188,116.12161254882812,64.28160858154297,38.845130920410156,-0.00015887428889982402,4
381,261.2736511230469,167.9616241455078,64.28160858154297,292.9393005371094,-0.00011590536450967193,4
382,337.9968566894531,116.12161254882812,64.28160858154297,99.05255126953125,-0.0001497569610364735,4
383,257.1264343261719,126.48961639404297,64.28160858154297,26.45224952697754,-9.918879368342459e-05,4
384,114.04801940917969,126.48961639404297,64.28160858154297,202.7147979736328,-6.366717570926994e-05,4
385,474.8544616699219,116.12161254882812,64.28160858154297,177.0850067138672,-2.2440976863435935e-06,4
386,261.2736511230469,124.416015625,64.28160858154297,358.135009765625,-0.00010708451009122655,4
387,472.7808532714844,122.34241485595703,64.28160858154297,145.73367309570312,-8.303296453959774e-06,4
388,143.0784149169922,201.13922119140625,64.28160858154297,315.6013488769531,2.773436608549673e-05,4
389,269.5680236816406,174.1824188232422,64.28160858154297,293.48797607421875,-0.00019207297009415925,4
390,119.43939208984375,176.67076110839844,77.137939453125,303.61920166015625,2.432894689263776e-05,5
391,106.99778747558594,136.85763549804688,77.137939453125,306.09356689453125,-4.42269301856868e-05,5
392,413.06121826171875,131.88099670410156,77.137939453125,48.57406234741211,-2.968486660392955e-05,5
393,530.0122680664062,169.20579528808594,77.137939453125,92.6647720336914,-3.975136860390194e-05,5
394,517.5706787109375,139.345947265625,77.137939453125,256.993408203125,-3.3457450626883656e-05,5
395,209.01893615722656,134.3693084716797,77.137939453125,223.4232940673828,-2.312737524334807e-05,5
396,141.8342742919922,201.55397033691406,77.137939453125,283.1206970214844,0.0001613730564713478,5
397,348.3648681640625,169.20579528808594,77.137939453125,119.7091064453125,-3.5493344512360636e-06,5
398,248.83206176757812,136.85763549804688,77.137939453125,301.8846130371094,-1.840356162574608e-05,5
399,320.99334716796875,94.55618286132812,77.137939453125,58.99174880981445,-3.1010702514322475e-05,5
400,258.78533935546875,166.7174835205078,77.137939453125,32.09961700439453,-2.8190925149829127e-05,5
401,116.95106506347656,184.13572692871094,77.137939453125,307.3504638671875,7.574076153105125e-05,5
402,472.7809143066406,121.9277114868164,77.137939453125,133.6344451904297,1.931317001435673e-06,5
403,134.3693084716797,191.60069274902344,77.137939453125,318.73480224609375,0.00021853760699741542,5
404,415.5495300292969,121.9277114868164,77.137939453125,110.53409576416016,1.41141545100254e-05,5
405,134.3693084716797,199.06564331054688,77.137939453125,310.8863525390625,0.00031819590367376804,5
406,477.757568359375,199.06564331054688,77.137939453125,17.11724281311035,-2.1135043425601907e-05,5
407,472.7809143066406,111.97442626953125,77.137939453125,41.063087463378906,4.613333203451475e-06,5
408,497.66412353515625,176.67076110839844,77.137939453125,97.51502990722656,-2.5479172109044157e-05,5
409,425.5028076171875,109.4861068725586,77.137939453125,144.16427612304688,-4.6647724957438186e-05,5
410,201.55397033691406,179.15908813476562,77.137939453125,322.9471435546875,-3.455743353697471e-05,5
411,465.3159484863281,109.4861068725586,77.137939453125,43.790889739990234,-2.797974957502447e-06,5
412,124.41603088378906,179.15908813476562,77.137939453125,304.9356994628906,0.00010149272566195577,5
413,492.6874694824219,136.85763549804688,77.137939453125,218.61837768554688,-4.139822704019025e-05,5
414,104.50946807861328,176.67076110839844,77.137939453125,355.13116455078125,2.764146756817354e-06,5
415,408.0845642089844,134.3693084716797,77.137939453125,19.598487854003906,-2.797735942294821e-05,5
416,119.43939208984375,129.39266967773438,77.137939453125,58.81938171386719,-4.7484729293501005e-05,5
417,111.97442626953125,134.3693084716797,77.137939453125,339.8656311035156,-5.093964864499867e-05,5
418,405.59625244140625,169.20579528808594,77.137939453125,79.79094696044922,-5.4397820349549875e-05,5
419,261.2736511230469,129.39266967773438,77.137939453125,344.688232421875,-5.48415191587992e-05,5
420,432.9677734375,94.55618286132812,77.137939453125,167.43350219726562,-5.561230136663653e-05,5
421,179.15908813476562,191.60069274902344,77.137939453125,258.6653137207031,-5.654575943481177e-05,5
422,194.08900451660156,184.13572692871094,77.137939453125,279.1077575683594,-5.678868546965532e-05,5
423,345.8765563964844,124.41603088378906,77.137939453125,109.9112548828125,-5.7893776101991534e-05,5
424,373.2480773925781,139.345947265625,77.137939453125,160.29647827148438,-5.8746187278302386e-05,5
425,430.4794616699219,116.95106506347656,77.137939453125,78.51922607421875,-5.906593651161529e-05,5
426,388.1780090332031,139.345947265625,77.137939453125,171.70896911621094,-6.096105425967835e-05,5
427,111.97442626953125,171.69412231445312,77.137939453125,322.2811279296875,-6.167342507978901e-05,5
428,335.92327880859375,111.97442626953125,77.137939453125,135.24871826171875,-6.199452036526054e-05,5
429,209.01893615722656,164.22915649414062,77.137939453125,133.02890014648438,-6.412885704776272e-05,5
430,437.9444274902344,97.04450225830078,77.137939453125,150.0171661376953,-6.630829011555761e-05,5
431,184.13572692871094,184.13572692871094,77.137939453125,229.7652130126953,-6.712175672873855e-05,5
432,472.7809143066406,211.5072479248047,77.137939453125,353.54766845703125,-6.749837484676391e-05,5
433,176.67076110839844,196.57733154296875,77.137939453125,294.08026123046875,-7.072232256177813e-05,5
434,125.41136169433594,179.15908813476562,92.5655288696289,307.9556579589844,3.3413656638003886e-05,6
435,501.64544677734375,173.18711853027344,92.5655288696289,104.96891784667969,-3.742517492355546e-06,6
436,134.36932373046875,200.06097412109375,92.5655288696289,232.42019653320312,0.00018112463294528425,6
437,116.45340728759766,182.14508056640625,92.5655288696289,301.4135437011719,2.6730365789262578e-05,6
438,474.7715759277344,113.46742248535156,92.5655288696289,36.64155197143555,-5.720507488149451e-06,6
439,191.10302734375,188.11703491210938,92.5655288696289,284.0052795410156,4.969631390849827e-07,6
440,101.52348327636719,176.173095703125,92.5655288696289,65.14918518066406,2.6251527742715552e-06,6
441,134.36932373046875,188.11703491210938,92.5655288696289,291.3484191894531,9.363832214148715e-05,6
442,107.49545288085938,185.1310577392578,92.5655288696289,119.50237274169922,2.9577915483969264e-05,6
443,424.00982666015625,110.48143768310547,92.5655288696289,145.5461883544922,1.0021400157711469e-05,6
444,146.31326293945312,203.04696655273438,92.5655288696289,247.12867736816406,3.088127778028138e-05,6
445,465.8136291503906,110.48143768310547,92.5655288696289,43.53953170776367,-6.6173970481031574e-06,6
446,185.1310577392578,182.14508056640625,92.5655288696289,253.4438018798828,-1.1063578313041944e-05,6
447,474.7715759277344,122.42537689208984,92.5655288696289,108.08003234863281,-1.175472243630793e-05,6
448,247.83673095703125,137.3553009033203,92.5655288696289,304.36688232421875,-1.213225277751917e-05,6
449,489.7015075683594,134.36932373046875,92.5655288696289,221.66378784179688,-1.2278017493372317e-05,6
450,483.72955322265625,188.11703491210938,92.5655288696289,35.1531982421875,-1.2436873475962784e-05,6
451,212.00491333007812,137.3553009033203,92.5655288696289,231.78729248046875,-1.2998665624763817e-05,6
452,104.50946807861328,137.3553009033203,92.5655288696289,291.8243713378906,-1.4008446669322439e-05,6
453,116.45340728759766,173.18711853027344,92.5655288696289,341.5015563964844,-1.4610714060836472e-05,6
454,391.16400146484375,137.3553009033203,92.5655288696289,166.41452026367188,-1.463342869101325e-05,6
455,429.9818115234375,116.45340728759766,92.5655288696289,115.06438446044922,-1.4659927728644107e-05,6
456,412.06591796875,131.38333129882812,92.5655288696289,20.068849563598633,-1.930336293298751e-05,6
457,110.48143768310547,170.20114135742188,92.5655288696289,2.888573169708252,-2.000146923819557e-05,6
458,409.0799255371094,170.20114135742188,92.5655288696289,77.05448913574219,-2.0720644897664897e-05,6
459,435.95379638671875,107.49545288085938,92.5655288696289,127.72552490234375,-2.13007351703709e-05,6
460,214.99090576171875,170.20114135742188,92.5655288696289,96.00624084472656,-2.214282903878484e-05,6
461,209.01893615722656,173.18711853027344,92.5655288696289,99.43075561523438,-2.225794924015645e-05,6
462,268.7386474609375,173.18711853027344,92.5655288696289,352.92132568359375,-2.2424877897719853e-05,6
463,113.46742248535156,131.38333129882812,92.5655288696289,307.53277587890625,-2.290660995640792e-05,6
464,477.757568359375,197.0749969482422,92.5655288696289,349.7771301269531,-2.451550608384423e-05,6
465,424.00982666015625,182.14508056640625,92.5655288696289,226.25137329101562,-2.538631269999314e-05,6
466,203.04696655273438,167.21514892578125,92.5655288696289,136.98655700683594,-2.5394980184501037e-05,6
467,197.0749969482422,170.20114135742188,92.5655288696289,161.75985717773438,-2.598086757643614e-05,6
468,370.2621154785156,137.3553009033203,92.5655288696289,155.5830841064453,-2.7288642741041258e-05,6
469,415.0518798828125,173.18711853027344,92.5655288696289,63.848960876464844,-3.052446845686063e-05,6
470,189.9086456298828,189.9086456298828,111.0786361694336,318.8485107421875,5.771804580945172e-07,7
471,268.7386474609375,171.99273681640625,111.0786361694336,39.42369842529297,-5.47076797374757e-06,7
472,433.56500244140625,111.0786361694336,111.0786361694336,127.22877502441406,-2.5577012365829432e-06,7
473,193.4918212890625,171.99273681640625,111.0786361694336,160.15750122070312,2.173547954953392e-07,7
474,132.57772827148438,189.9086456298828,111.0786361694336,248.504150390625,3.9221704355441034e-05,7
475,193.4918212890625,121.82818603515625,111.0786361694336,216.1026611328125,1.827651431085542e-05,7
476,114.66181945800781,182.74227905273438,111.0786361694336,28.7036190032959,1.0117654710484203e-05,7
477,412.06591796875,121.82818603515625,111.0786361694336,225.2567901611328,-1.6362665746783023e-06,7
478,186.32545471191406,179.15908813476562,111.0786361694336,283.3425598144531,-2.683715138118714e-06,7
479,125.41136169433594,179.15908813476562,111.0786361694336,325.6708984375,-4.729380123080773e-07,7
480,358.31817626953125,132.57772827148438,111.0786361694336,156.7698974609375,-5.167764811631059e-06,7
481,498.0622863769531,175.57591247558594,111.0786361694336,111.75508117675781,3.360441496624844e-06,7
482,487.312744140625,132.57772827148438,111.0786361694336,219.18304443359375,-1.3213265219746972e-06,7
483,204.24136352539062,175.57591247558594,111.0786361694336,113.15497589111328,3.881280008499743e-06,7
484,412.06591796875,171.99273681640625,111.0786361694336,82.70404815673828,-4.262539732735604e-06,7
485,200.65818786621094,168.4095458984375,111.0786361694336,147.8223876953125,-6.3841148403298575e-06,7
486,390.56683349609375,136.16090393066406,111.0786361694336,122.87248229980469,-7.0478163252118975e-06,7
487,419.2322692871094,175.57591247558594,111.0786361694336,115.31204223632812,-7.416155767714372e-06,7
488,211.40773010253906,161.24317932128906,111.0786361694336,138.29811096191406,-9.29700217966456e-06,7
489,487.312744140625,168.4095458984375,111.0786361694336,142.9070281982422,-1.0465842933626845e-05,7
490,179.15908813476562,189.9086456298828,111.0786361694336,313.6966552734375,-1.339534173894208e-05,7
491,232.9068145751953,157.66000366210938,111.0786361694336,75.17202758789062,-1.5920601072139107e-05,7
492,480.1463623046875,171.99273681640625,111.0786361694336,147.1400909423828,-1.6088952179416083e-05,7
493,408.48272705078125,132.57772827148438,111.0786361694336,28.8403377532959,-1.612893902347423e-05,7
494,498.0622863769531,161.24317932128906,111.0786361694336,141.24832153320312,-1.6673157006152906e-05,7
495,369.0677185058594,136.16090393066406,111.0786361694336,150.90342712402344,-1.8398701286059804e-05,7
496,426.3986511230469,186.32545471191406,111.0786361694336,215.89349365234375,-1.9779648937401362e-05,7
497,343.9854736328125,121.82818603515625,111.0786361694336,162.79861450195312,-2.1071446099085733e-05,7
498,275.9049987792969,111.0786361694336,111.0786361694336,109.52068328857422,-2.2500022168969736e-05,7
499,336.819091796875,114.66181945800781,111.0786361694336,124.47914123535156,-2.374068026256282e-05,7
500,211.40773010253906,136.16090393066406,111.0786361694336,232.57003784179688,-2.3917720682220533e-05,7
