punto_clave_id,descriptor_byte_1,descriptor_byte_2,descriptor_byte_3,descriptor_byte_4,descriptor_byte_5,descriptor_byte_6,descriptor_byte_7,descriptor_byte_8,descriptor_byte_9,descriptor_byte_10,descriptor_byte_11,descriptor_byte_12,descriptor_byte_13,descriptor_byte_14,descriptor_byte_15,descriptor_byte_16,descriptor_byte_17,descriptor_byte_18,descriptor_byte_19,descriptor_byte_20,descriptor_byte_21,descriptor_byte_22,descriptor_byte_23,descriptor_byte_24,descriptor_byte_25,descriptor_byte_26,descriptor_byte_27,descriptor_byte_28,descriptor_byte_29,descriptor_byte_30,descriptor_byte_31,descriptor_byte_32
1,138,114,177,218,43,229,185,206,30,27,16,115,172,222,109,168,245,27,147,145,130,68,50,243,5,20,26,170,144,93,37,255
2,121,99,123,233,60,213,248,80,100,104,190,234,27,157,180,224,110,156,222,160,141,35,229,220,87,233,162,185,119,138,126,241
3,169,51,105,233,108,156,233,24,166,204,54,230,177,205,211,96,126,56,94,124,195,33,246,221,70,9,163,172,125,138,112,241
4,50,130,245,236,37,86,216,57,139,152,48,99,111,207,116,150,142,189,181,161,139,112,131,221,139,219,235,199,7,172,77,21
5,30,138,229,247,197,30,109,184,243,158,54,66,107,111,89,207,123,192,181,253,138,240,107,201,79,223,247,132,231,252,84,105
6,42,177,244,228,109,6,216,24,139,156,48,35,109,219,84,70,166,181,53,149,134,104,146,213,202,217,139,206,95,172,81,139
7,234,52,224,148,75,229,153,103,137,231,148,159,188,189,70,7,207,183,211,129,56,79,208,203,93,22,218,179,15,76,30,250
8,163,77,99,76,116,151,238,240,85,72,242,70,120,72,181,165,124,232,22,239,237,179,44,255,50,28,138,128,127,191,112,188
9,7,152,252,245,228,90,252,185,91,249,116,99,255,254,255,43,191,215,181,161,133,240,47,221,206,223,255,199,239,172,89,95
10,6,86,123,168,238,41,190,79,205,11,240,114,156,190,60,171,238,145,223,163,244,43,0,202,181,20,186,190,181,89,165,143
11,203,251,88,130,58,136,154,180,10,225,186,239,175,143,198,192,6,79,237,86,199,41,221,231,170,253,38,254,78,143,9,25
12,39,152,252,181,164,14,252,185,123,219,116,35,255,123,127,63,191,239,53,181,254,240,27,205,238,222,247,198,191,252,81,87
13,195,0,222,148,124,38,233,66,27,41,114,31,156,27,16,8,238,133,87,157,48,255,193,223,84,62,186,192,13,8,43,139
14,18,66,91,232,36,217,248,64,109,9,251,194,143,10,52,224,238,185,159,128,5,183,64,192,147,249,138,193,20,138,41,141
15,123,16,188,228,71,87,152,95,11,249,148,42,28,31,6,34,238,181,183,145,141,171,113,204,211,233,250,151,79,12,43,123
16,6,154,245,212,245,14,125,184,155,159,112,199,239,110,93,159,191,243,181,181,242,248,58,253,139,222,199,198,132,180,69,181
17,57,76,107,205,84,82,239,240,68,72,126,162,113,13,181,96,120,252,23,234,233,183,37,175,115,45,160,128,119,187,116,232
18,11,0,223,172,108,88,248,75,239,208,60,34,173,154,242,226,106,137,254,17,7,41,166,209,206,217,35,173,22,138,109,205
19,130,152,178,154,101,164,185,86,191,27,80,181,172,143,116,72,231,59,151,21,146,136,18,243,76,20,154,202,156,5,37,187
20,131,240,190,177,111,213,184,197,143,89,80,51,140,158,98,107,238,25,183,145,198,84,2,209,71,17,250,235,144,28,169,215
21,61,68,106,224,118,115,250,80,69,226,255,162,27,29,191,32,126,148,151,168,141,179,100,138,114,205,162,133,103,251,120,145
22,134,50,127,216,108,215,152,83,159,91,176,249,28,158,253,105,150,17,191,149,199,71,34,208,19,91,250,187,20,132,37,87
23,131,104,63,185,108,209,248,65,141,89,80,49,156,154,115,105,198,9,55,209,22,158,34,208,198,17,122,203,20,1,45,195
24,9,50,109,225,126,220,249,24,230,92,254,230,185,213,210,98,110,48,127,252,131,48,231,21,71,233,163,132,111,138,116,249
25,186,64,102,233,45,6,217,81,37,4,243,151,11,13,52,87,110,140,23,175,216,183,17,192,211,248,130,134,119,142,240,224
26,14,138,237,245,212,90,232,185,187,155,52,194,235,111,221,175,51,210,181,184,50,112,46,221,207,223,247,133,231,228,92,164
27,154,146,183,213,95,166,169,86,56,33,243,222,157,30,4,132,110,181,219,129,176,190,209,199,21,38,154,194,197,8,35,168
28,15,132,252,244,182,90,220,175,219,211,52,162,255,254,253,123,151,219,181,176,244,96,46,207,238,223,127,197,148,240,233,9
29,58,80,109,69,69,218,145,21,9,101,247,163,42,29,22,180,110,189,181,145,143,186,247,193,67,121,154,211,71,12,222,254
30,185,21,98,233,103,35,249,88,69,68,247,183,27,25,191,67,122,132,31,239,152,183,17,140,210,233,162,132,127,141,112,195
31,73,32,92,173,60,91,216,11,79,225,118,42,159,154,210,178,138,133,124,129,5,249,135,213,194,249,187,249,76,8,9,9
32,79,251,193,163,58,140,170,144,171,113,27,229,253,206,202,198,134,69,254,87,199,8,239,225,44,124,47,222,110,134,1,93
33,2,50,213,204,109,214,201,85,11,173,114,68,174,14,20,158,142,189,183,132,19,250,163,221,129,176,154,194,4,0,69,253
34,90,34,247,204,61,19,201,27,143,165,118,134,143,138,198,182,14,141,236,136,8,235,183,213,131,241,11,253,7,140,101,109
35,66,32,194,204,125,7,249,107,155,165,81,159,140,11,52,140,238,5,83,141,32,239,144,221,20,62,218,234,21,140,3,160
36,242,34,69,204,77,148,232,73,139,168,241,203,106,206,85,210,250,177,239,161,202,39,194,217,151,248,139,186,53,138,119,132
37,75,50,49,225,107,181,185,86,141,45,222,106,44,159,212,238,230,25,255,1,131,27,225,209,23,249,10,250,2,142,35,175
38,125,212,104,161,71,120,252,215,65,122,190,39,27,25,90,48,123,132,20,131,207,178,53,195,246,205,166,133,111,254,252,83
39,10,2,183,204,108,27,249,91,175,189,52,160,141,138,228,230,230,25,166,8,130,9,34,209,142,217,90,239,22,134,37,237
40,3,35,181,133,108,215,217,82,11,245,118,200,140,143,212,190,134,29,245,157,131,250,163,208,147,248,26,208,22,132,5,125
41,59,144,246,228,53,6,216,122,11,253,48,39,111,190,118,18,142,149,181,33,140,232,147,217,203,218,123,174,79,36,65,95
42,18,240,177,217,19,245,185,206,31,31,16,51,140,222,109,40,245,27,155,145,134,5,58,211,139,22,154,231,144,24,37,255
43,182,31,109,227,148,116,250,208,97,104,182,242,11,30,149,175,108,150,148,211,189,184,101,238,179,201,162,131,231,217,116,117
44,58,48,60,225,107,173,185,22,141,25,223,47,188,159,68,78,238,59,255,145,131,152,210,208,87,248,26,194,11,14,9,187
45,61,130,223,236,102,90,104,104,73,192,116,234,75,74,190,178,122,137,134,177,141,178,38,140,138,219,227,197,119,170,126,128
46,10,178,213,245,102,158,184,97,126,184,243,226,253,90,140,233,254,189,191,145,130,241,67,221,156,227,235,194,37,40,41,161
47,234,188,226,148,79,225,185,99,153,231,157,187,40,189,70,7,207,183,211,129,48,207,212,195,29,16,218,179,7,76,22,250
48,9,160,244,181,117,14,121,59,155,148,52,7,255,251,119,15,59,205,53,45,136,104,182,221,207,223,215,108,182,172,65,234
49,137,58,123,169,108,217,248,17,237,89,118,224,141,158,246,106,226,57,238,209,151,60,166,208,199,217,50,201,22,140,237,223
50,226,4,105,192,228,80,238,99,137,98,181,154,28,14,150,182,239,145,151,175,240,39,100,195,55,31,186,181,7,236,237,117
51,184,64,94,225,36,234,216,68,77,33,122,2,159,26,20,32,234,189,53,145,12,176,1,192,194,249,170,193,77,138,105,139
52,7,153,237,151,42,200,41,176,171,217,22,228,252,246,207,102,7,113,125,93,195,72,238,97,12,24,47,198,140,166,1,253
53,43,160,229,245,101,30,105,59,155,149,52,135,223,239,118,223,31,237,181,173,152,120,51,221,203,223,223,228,151,172,69,112
54,242,49,84,172,79,141,233,88,207,172,243,15,12,219,84,4,250,169,127,229,10,167,147,221,149,120,139,154,63,14,113,71
55,57,128,252,253,126,90,249,43,251,209,52,130,251,250,246,50,59,181,53,169,12,120,182,221,206,251,247,141,101,160,88,138
56,3,178,156,133,116,214,152,70,75,121,247,104,156,30,134,40,166,61,182,17,151,250,225,213,144,179,122,211,8,0,47,221
57,134,57,178,211,233,165,185,208,159,92,80,23,172,222,103,15,206,59,147,214,146,86,178,224,15,24,94,234,144,13,165,247
58,66,194,112,200,110,56,189,142,203,22,60,174,141,10,223,14,39,1,78,128,66,32,46,209,150,208,94,175,23,216,5,236
59,73,32,220,172,125,91,201,10,11,245,116,7,159,139,82,22,202,133,117,157,5,233,147,213,192,249,187,173,14,140,89,74
60,105,32,222,189,102,202,248,73,74,240,182,42,253,218,22,40,122,173,46,145,7,243,7,221,220,41,235,209,45,40,105,130
61,66,34,255,237,60,91,216,72,79,228,180,170,143,142,148,178,138,157,236,0,140,169,167,221,130,241,147,191,71,136,69,109
62,67,50,157,197,108,214,152,71,11,121,119,104,156,14,132,186,134,29,183,17,129,222,227,209,146,177,90,195,4,128,45,125
63,75,49,252,236,124,6,216,24,139,248,116,33,61,155,182,2,134,61,53,140,129,248,131,221,74,249,185,230,47,132,73,11
64,107,0,220,189,118,130,233,72,63,152,247,43,252,91,154,72,250,173,63,157,2,242,67,221,92,57,235,132,15,168,105,131
65,66,96,48,193,109,173,185,7,173,61,211,9,140,155,68,76,206,45,127,157,2,185,209,208,149,56,26,242,2,12,131,169
66,61,70,107,100,228,22,239,113,85,206,247,210,83,109,188,237,92,156,150,174,249,182,37,138,99,239,227,196,103,187,244,241
67,82,112,90,236,109,201,248,8,237,40,186,42,143,154,21,16,234,181,95,161,12,35,195,216,214,248,42,187,13,10,75,3
68,71,251,209,163,58,140,170,144,171,80,58,229,237,198,206,230,134,65,126,86,199,9,239,225,12,116,47,218,78,134,1,221
69,2,242,179,216,108,97,185,206,202,23,16,149,140,142,124,11,135,27,19,65,130,65,178,241,5,24,90,234,148,145,5,241
70,62,146,205,245,100,90,232,240,11,25,112,98,107,107,188,146,250,217,167,208,75,250,65,197,158,251,231,199,231,170,124,139
71,202,48,94,236,110,235,248,72,203,136,249,43,157,218,80,2,106,181,127,161,4,37,134,216,214,225,171,185,45,138,123,131
72,62,146,197,245,117,14,72,240,9,157,240,79,239,107,61,150,250,233,135,245,8,250,80,197,155,218,199,134,167,172,119,187
73,203,112,116,72,107,156,185,25,131,204,21,173,157,215,194,38,6,48,255,108,134,5,182,153,70,89,35,170,22,142,5,245
74,26,50,255,236,44,22,216,25,11,185,113,98,61,31,180,162,134,29,181,129,129,235,131,213,138,249,249,230,7,132,105,45
75,50,66,83,233,109,211,72,65,9,41,115,194,143,143,52,144,238,189,183,129,10,190,193,193,147,248,138,195,37,138,63,165
76,27,160,112,225,39,172,249,82,109,51,118,19,188,27,86,99,238,171,23,141,150,188,209,193,198,89,154,194,143,141,113,139
77,57,146,216,181,22,90,104,98,117,193,182,98,27,42,150,241,122,129,142,177,141,250,100,204,158,219,242,149,237,168,126,137
78,202,34,119,200,109,63,232,91,143,41,117,90,141,143,244,174,110,157,251,169,80,135,226,208,23,89,138,173,23,140,7,164
79,61,129,238,229,85,90,249,56,65,212,126,7,91,73,123,2,122,133,55,252,12,176,21,128,206,233,160,197,127,174,120,210
80,2,148,51,216,251,229,185,198,158,29,88,55,172,222,108,72,231,27,147,145,146,15,50,245,77,20,26,234,152,69,37,251
81,74,98,117,236,110,187,249,26,143,148,124,170,141,142,214,174,38,185,255,169,134,32,166,208,134,120,138,175,55,132,69,229
82,51,144,254,236,53,86,216,57,11,249,112,103,63,159,246,50,158,157,181,145,141,104,35,221,139,219,251,143,15,164,73,31
83,43,0,212,172,117,10,233,98,11,225,180,7,187,11,182,30,202,165,23,13,8,107,0,220,206,219,210,233,30,140,105,136
84,118,138,211,194,86,88,232,96,105,9,177,106,11,42,188,153,234,149,206,241,205,171,4,196,158,140,250,223,37,10,126,141
85,203,32,126,200,108,113,184,79,204,49,125,146,157,158,244,170,110,29,250,153,212,167,231,208,87,89,170,173,23,136,139,133
86,202,32,118,168,111,43,248,90,205,160,112,27,157,155,112,10,42,133,127,169,0,37,146,208,86,248,138,168,47,141,17,130
87,61,169,197,227,77,216,104,144,39,113,118,2,121,31,217,226,104,149,255,216,75,184,243,129,15,233,162,193,239,142,88,168
88,155,154,50,218,19,180,49,83,255,29,71,20,44,218,38,252,231,43,138,16,182,141,50,247,155,126,26,75,146,5,173,71
89,60,152,252,229,70,90,248,240,67,153,118,34,123,91,158,50,106,213,183,208,206,248,77,133,206,235,231,193,111,170,120,139
90,67,35,109,233,110,251,248,24,207,196,124,171,141,159,246,34,166,173,247,233,132,32,230,208,198,249,170,175,55,133,93,199
91,59,33,102,168,7,39,201,91,111,36,254,3,10,136,63,124,120,141,55,189,200,179,181,208,209,168,131,196,101,12,116,100
92,203,57,56,232,108,245,216,82,141,104,188,58,28,31,150,160,134,49,223,17,151,11,128,194,82,249,42,251,30,132,41,139
93,70,200,103,26,241,248,249,3,239,87,101,149,140,142,54,92,163,33,139,21,182,45,54,247,15,30,18,75,212,5,229,86
94,50,146,245,236,61,86,216,59,11,249,116,231,15,31,180,178,158,189,181,145,141,232,35,221,139,251,251,142,94,164,78,223
95,201,51,120,229,54,148,249,25,231,228,54,198,185,201,214,64,126,36,255,236,198,32,181,221,70,233,163,164,111,128,80,67
96,200,99,105,193,52,208,251,25,230,236,151,230,185,77,212,96,126,44,189,232,194,36,165,223,70,73,163,169,103,130,116,113
97,179,35,103,140,13,119,201,75,15,236,250,131,75,204,125,229,120,140,55,237,72,183,167,212,145,248,139,196,119,142,116,100
98,42,56,54,211,67,229,185,18,139,29,215,47,172,159,6,14,206,187,243,145,146,218,210,225,69,112,218,226,11,12,5,187
99,50,48,119,105,38,114,88,26,15,232,126,229,15,157,181,252,150,189,181,5,141,176,167,208,130,120,0,214,111,133,88,117
100,187,19,107,97,42,115,89,82,5,108,214,161,31,157,183,254,198,29,223,60,157,147,37,128,211,249,32,135,102,141,36,245
101,119,110,123,238,182,59,222,255,93,162,176,250,75,42,181,185,255,223,93,163,252,111,13,190,178,255,213,190,245,248,250,13
102,127,108,90,250,166,43,94,238,81,34,248,59,91,123,63,25,251,207,21,175,120,99,9,190,242,255,247,188,253,251,250,2
103,59,48,122,105,42,83,89,89,37,97,119,181,31,157,182,124,198,157,181,28,205,151,181,192,194,121,0,134,110,140,164,215
104,59,112,119,105,43,55,89,93,45,109,119,165,31,157,182,124,198,29,181,53,140,176,181,128,195,248,16,130,103,150,240,87
105,203,32,121,76,56,216,153,25,138,200,21,228,156,214,246,54,6,53,125,45,135,5,166,93,195,25,43,188,20,132,5,113
106,61,76,106,111,70,23,239,120,85,70,119,130,121,29,183,32,126,232,23,238,200,180,61,191,119,237,160,128,119,191,112,224
107,127,45,90,186,180,39,207,217,25,35,253,31,91,107,63,25,251,207,21,239,120,99,8,234,240,254,247,188,255,251,234,0
108,235,17,98,160,231,43,249,82,141,68,180,191,157,27,50,14,110,129,95,255,208,39,80,194,86,88,138,188,63,141,243,195
109,183,89,99,79,84,71,239,112,85,72,117,98,113,92,181,37,120,168,22,238,233,182,61,223,54,44,160,128,127,187,112,245
110,162,164,170,148,109,249,185,103,137,79,92,187,172,237,126,6,169,51,211,1,50,95,130,195,7,84,154,235,6,76,31,222
111,74,92,115,224,36,17,219,115,9,78,253,28,143,15,182,48,134,129,151,46,208,63,48,198,210,221,58,184,30,134,231,113
112,54,131,245,244,164,26,92,251,75,20,248,14,111,110,189,162,255,211,164,240,206,242,118,201,187,223,199,213,229,232,100,236
113,50,34,110,201,76,119,200,75,13,42,254,2,10,140,182,97,248,156,119,169,140,179,163,216,147,40,170,133,117,8,116,37
114,114,50,125,236,124,198,216,27,139,232,48,103,15,142,116,18,142,189,117,149,143,172,131,209,130,249,139,170,21,136,77,23
115,177,100,106,192,86,18,235,112,97,224,87,134,115,12,189,101,126,156,21,239,233,182,53,143,245,201,171,132,45,163,118,116
116,216,97,112,229,109,200,120,24,227,136,55,2,27,137,212,96,42,180,125,168,138,32,199,153,70,233,163,141,111,132,80,131
117,66,32,114,200,110,73,249,67,141,64,124,227,157,159,118,43,166,137,95,189,209,40,166,192,70,120,154,234,63,132,87,215
118,6,129,190,188,108,66,216,233,139,216,52,33,236,255,111,10,147,97,53,177,6,67,10,201,202,154,207,239,148,164,111,207
119,71,232,97,131,58,136,171,176,43,96,19,198,253,222,220,228,38,37,125,221,199,0,255,245,172,92,47,248,47,134,1,125
120,138,59,119,169,108,65,184,83,205,81,80,227,140,142,113,235,198,25,179,209,134,26,55,208,5,17,90,235,20,136,37,217
121,130,178,179,153,98,229,184,222,159,91,81,115,156,159,108,41,231,25,19,145,162,84,10,211,71,16,91,174,152,92,33,215
122,194,23,249,164,70,104,248,150,73,80,185,235,157,63,93,35,110,147,135,161,134,33,156,193,117,0,130,167,37,250,117,219
123,2,57,190,218,65,205,185,65,143,17,69,183,172,159,102,12,142,59,179,145,18,89,18,241,71,16,218,203,156,13,157,214
124,179,82,90,168,52,79,89,81,105,73,253,170,159,30,182,52,238,153,148,161,141,178,96,200,208,216,138,144,125,136,122,21
125,73,115,104,105,44,156,249,24,228,72,182,228,153,157,146,96,110,52,95,172,131,33,247,221,71,41,162,156,103,136,120,121
126,75,32,52,157,126,202,185,72,219,193,180,42,188,94,146,44,126,181,246,161,165,110,230,221,84,22,155,168,31,140,19,209
127,143,202,57,209,102,156,184,145,190,17,87,210,156,142,216,105,238,25,147,157,134,52,102,209,71,25,218,225,148,0,41,229
128,61,202,220,252,36,75,88,112,93,178,240,74,91,106,29,57,255,253,4,129,205,250,85,140,219,223,245,145,245,168,122,8
129,138,49,49,241,96,180,184,68,171,93,16,103,140,158,101,171,230,27,147,209,135,66,178,193,5,17,90,174,148,80,37,253
130,7,156,183,252,245,20,221,232,155,222,52,36,238,238,255,139,151,75,149,45,243,97,58,249,170,223,255,238,212,124,101,113
131,194,115,18,168,44,237,249,84,237,72,179,40,156,158,2,66,206,149,206,129,1,39,193,192,212,176,138,155,8,0,15,27
132,146,33,115,201,78,13,249,64,237,52,226,2,9,136,117,107,234,137,106,225,4,179,247,192,21,200,138,44,117,8,101,228
133,3,240,26,218,105,165,185,68,175,29,21,20,140,219,110,14,230,57,155,144,2,3,178,209,151,216,26,234,154,0,169,151
134,56,3,107,197,68,38,233,88,85,168,119,66,19,13,181,105,120,140,23,168,168,178,37,140,83,169,160,132,103,169,116,160
135,11,32,196,221,103,143,233,73,175,152,246,34,60,219,198,205,122,169,55,157,3,246,66,209,84,40,235,130,15,12,121,131
136,193,48,105,201,52,157,233,120,108,100,180,230,145,141,247,96,126,40,31,236,193,37,180,222,86,9,163,184,117,138,81,241
137,139,1,82,128,111,1,249,64,173,24,180,35,156,155,231,79,110,137,31,221,18,39,0,192,84,24,186,234,31,157,121,129
138,66,50,121,225,60,219,216,82,77,37,179,201,143,142,20,226,174,157,239,145,134,187,241,209,147,184,26,240,68,136,69,92
139,186,71,107,224,116,54,250,84,65,0,179,211,11,15,61,33,254,145,23,167,172,179,20,202,247,217,130,132,231,216,120,128
140,67,41,61,195,109,149,248,4,15,57,119,8,156,14,84,250,134,61,119,93,146,184,243,208,135,57,26,147,0,11,9,105
141,2,35,115,232,110,57,184,76,141,52,25,135,141,142,116,139,238,25,223,181,198,35,182,208,135,216,26,172,20,136,7,252
142,71,169,97,135,58,216,235,176,171,224,18,238,253,214,220,228,38,33,93,221,199,0,238,253,12,88,43,252,47,134,1,125
143,50,20,82,160,214,66,239,102,89,207,176,63,12,58,63,29,122,129,23,161,185,163,64,202,180,22,222,174,253,216,243,151
144,91,255,72,162,18,136,90,180,58,105,20,239,15,15,218,208,54,205,157,222,207,26,157,165,254,201,44,236,47,135,11,89
145,58,0,114,225,230,2,217,80,69,34,242,179,11,25,53,79,106,129,31,235,216,183,69,200,210,216,130,134,255,141,240,131
146,57,18,98,229,85,90,248,88,193,192,246,131,27,143,51,34,122,132,166,240,205,180,101,140,71,237,161,133,119,174,124,192
147,11,33,90,169,110,9,249,80,173,72,246,34,156,155,226,79,106,137,87,217,16,151,192,192,84,9,170,171,63,141,121,129
148,41,177,100,225,108,152,104,16,231,16,114,34,185,219,214,98,106,176,126,208,142,176,231,209,6,233,162,193,103,136,84,138
149,187,9,80,227,117,168,105,80,41,12,180,38,139,27,151,92,234,137,23,205,9,182,64,224,150,217,178,194,47,141,106,169
150,106,176,235,180,81,249,176,38,153,81,130,187,172,188,38,137,203,179,211,129,55,207,146,229,95,87,218,243,135,12,29,90
151,14,215,55,234,207,21,174,230,172,31,208,198,156,174,125,171,238,19,223,231,240,59,16,224,181,17,254,236,149,91,169,169
152,163,91,103,222,84,180,227,212,205,68,82,198,98,12,181,101,108,98,50,79,161,185,55,191,53,56,202,2,21,187,116,124
153,46,142,216,240,228,8,252,187,249,19,48,66,235,106,125,105,223,211,23,177,254,96,12,205,175,223,215,204,245,248,120,128
154,11,198,99,9,119,147,174,236,76,96,112,230,104,8,188,164,122,0,146,109,231,188,45,223,38,94,142,198,95,158,217,141
155,130,48,176,153,187,197,25,75,31,91,16,55,172,151,103,12,197,27,147,144,51,76,18,210,79,22,158,163,152,12,37,223
156,203,35,124,237,124,131,216,80,11,104,54,34,13,155,150,6,134,13,53,216,132,191,129,212,66,249,178,227,15,133,105,9
157,234,164,171,188,117,249,184,102,185,79,82,187,44,236,54,138,169,51,211,1,54,111,2,199,31,119,154,203,199,12,159,214
158,2,35,119,232,110,53,249,4,141,29,113,142,141,142,244,107,166,157,119,141,134,160,246,208,7,120,154,234,53,132,69,253
159,134,152,113,217,102,152,184,131,175,17,80,183,140,159,244,207,230,25,147,157,82,124,18,240,6,88,218,234,150,132,129,227
160,2,48,59,218,75,253,184,84,141,29,89,67,188,222,110,106,206,57,255,145,70,0,178,209,7,24,154,235,16,14,133,215
161,73,18,110,237,108,156,120,24,231,72,118,230,185,157,210,98,14,52,255,140,203,168,231,145,71,249,160,193,103,140,124,241
162,219,100,98,236,47,19,88,25,205,64,119,131,27,141,182,96,54,153,223,173,141,164,52,200,70,249,160,172,127,182,216,83
163,6,130,191,180,100,82,216,249,203,213,52,33,236,238,123,42,151,81,181,33,134,107,42,201,203,210,79,191,148,168,45,79
164,44,130,236,229,76,30,104,25,227,144,54,70,107,233,209,202,250,228,183,217,138,240,203,201,79,235,231,133,231,170,92,33
165,185,81,119,236,125,27,73,88,137,140,116,6,11,138,53,148,122,141,166,236,73,178,50,136,147,249,160,133,119,174,118,240
166,59,144,224,229,103,90,105,115,45,221,246,39,171,31,150,84,106,129,159,172,136,186,116,204,158,219,242,134,127,172,86,255
167,61,3,106,108,70,54,238,112,85,202,119,194,89,77,189,233,126,172,23,238,156,178,37,140,83,235,224,133,103,175,124,224
168,88,34,104,193,52,148,235,24,100,236,182,98,153,13,148,96,126,188,29,234,202,48,228,221,87,205,163,172,103,129,92,33
169,93,116,99,231,118,50,251,81,101,204,127,166,89,93,191,224,126,164,159,235,197,177,181,140,118,233,163,128,111,167,112,211
170,93,22,98,77,118,82,251,80,68,200,215,226,89,93,183,96,126,180,159,238,193,181,37,142,86,109,163,129,111,167,120,241
171,2,128,247,212,45,71,89,105,139,221,48,5,76,238,116,2,150,117,53,181,0,105,50,221,153,218,79,190,148,36,37,127
172,11,104,60,201,108,212,248,1,11,57,118,0,156,30,68,122,198,61,255,157,134,152,227,209,197,185,26,193,0,0,137,161
173,112,158,121,225,68,84,254,115,105,246,187,211,9,46,84,32,239,149,134,131,204,56,61,194,187,213,134,36,37,232,100,84
174,74,129,181,236,125,70,217,104,139,189,48,12,108,206,116,130,134,21,183,81,130,107,51,217,153,218,75,190,16,36,37,113
175,23,71,99,142,82,3,239,112,37,104,83,230,113,70,189,117,62,237,22,239,237,151,44,223,176,40,170,132,61,183,49,245
176,194,48,82,168,111,41,233,94,173,44,208,62,141,155,180,142,106,141,127,161,16,55,210,192,22,248,138,170,47,140,51,147
177,54,171,237,253,36,15,72,49,85,181,242,202,107,107,28,187,254,237,21,197,157,250,81,140,159,251,245,144,229,168,122,8
178,56,6,106,233,68,86,111,89,85,170,127,66,19,9,176,112,120,156,23,170,217,182,37,142,119,237,160,133,119,169,124,160
179,15,157,182,154,244,160,223,232,155,94,52,38,254,123,255,157,183,227,151,187,113,96,42,253,248,222,255,238,158,253,193,113
180,59,49,124,236,109,86,217,28,139,233,118,162,31,158,246,50,134,157,181,209,141,184,163,192,131,249,186,198,70,140,105,61
181,187,17,212,165,100,202,89,8,171,192,112,162,191,158,114,50,238,185,53,209,79,188,86,193,134,248,139,196,109,172,66,209
182,127,9,212,184,228,74,205,249,25,242,244,170,79,107,159,31,123,205,21,189,57,243,9,200,218,255,229,181,255,236,122,65
183,75,48,116,101,126,158,121,18,231,233,118,231,153,157,214,98,14,52,253,156,140,248,231,148,71,249,176,192,47,132,80,219
184,10,0,112,240,103,200,248,23,233,17,181,146,141,27,80,105,110,145,23,153,150,40,4,192,86,88,186,129,159,140,249,139
185,67,48,253,221,126,158,184,11,154,133,52,150,172,222,148,162,254,181,247,172,160,108,178,221,23,95,187,170,21,8,85,241
186,75,24,51,136,101,157,153,80,45,76,180,46,158,31,166,148,230,33,223,77,83,47,112,224,150,217,42,250,22,12,39,243
187,90,50,208,188,116,138,248,88,219,200,177,175,201,219,22,8,254,177,255,161,133,103,130,221,20,248,203,252,95,168,123,147
188,59,65,86,236,117,67,217,64,9,229,245,14,15,139,182,20,202,141,21,137,9,187,1,204,210,249,138,145,94,142,106,9
189,56,2,70,193,69,127,232,83,109,41,246,82,11,11,180,113,104,157,55,129,156,190,1,192,87,249,186,193,231,136,120,138
190,57,18,122,108,102,3,71,121,69,202,125,230,19,9,179,116,94,188,6,46,201,178,52,140,114,237,32,132,127,170,112,177
191,7,142,216,190,180,20,222,161,27,82,52,128,255,238,191,59,159,219,21,55,245,96,42,225,233,223,223,204,148,248,233,113
192,63,0,98,229,166,18,122,112,65,98,247,163,75,29,191,109,126,148,21,238,252,180,37,142,82,239,160,196,239,175,112,229
193,39,140,219,242,228,148,207,225,27,151,52,138,255,238,127,57,159,227,21,63,240,107,58,226,171,223,95,232,148,249,193,105
194,2,176,150,164,108,90,184,88,139,152,181,40,172,218,224,34,206,17,255,81,7,107,170,209,158,80,203,255,20,168,7,173
195,142,119,115,168,206,41,238,79,204,34,89,218,157,142,121,234,110,27,211,227,241,50,150,210,53,1,138,44,181,91,191,176
196,50,22,110,136,79,23,233,91,109,44,254,86,10,152,188,212,120,141,119,173,136,183,33,210,147,40,130,134,101,12,116,230
197,78,121,112,192,238,72,253,83,137,80,53,235,156,31,119,11,238,17,215,151,211,47,2,192,86,24,42,235,31,140,171,211
198,56,96,116,229,116,10,105,27,235,164,58,134,139,155,80,134,106,164,53,172,75,56,195,217,134,217,161,140,111,138,80,136
199,130,16,80,225,102,168,233,22,201,29,176,55,140,27,80,79,106,129,23,153,18,44,80,192,20,88,218,234,63,137,241,131
200,49,0,107,225,118,3,105,120,97,64,124,230,27,12,181,53,126,136,23,237,201,178,36,156,148,200,162,132,101,171,114,245
201,185,81,112,225,118,56,232,20,101,72,115,99,155,27,180,233,106,137,23,222,141,180,36,128,199,201,162,132,127,159,112,241
202,177,0,106,193,100,34,233,114,84,96,255,130,19,25,177,96,126,140,23,172,136,182,101,14,86,169,162,132,101,169,112,225
203,10,16,89,137,111,5,184,92,141,48,116,162,156,143,116,47,110,17,211,241,128,7,84,208,85,17,218,172,22,143,45,136
204,75,138,208,132,108,64,185,65,168,144,21,2,172,219,99,79,110,1,31,152,2,99,138,193,220,88,203,175,7,172,41,129
205,75,32,120,228,110,144,248,64,139,156,177,170,188,90,212,131,238,177,23,133,3,99,162,209,20,153,235,171,5,34,43,161
206,223,234,73,163,82,22,106,240,33,104,83,207,59,14,210,176,54,141,21,239,207,150,141,127,190,205,171,164,45,135,58,216
207,73,98,114,225,60,156,121,17,229,104,119,161,153,157,146,96,38,29,255,157,128,185,229,128,70,249,176,200,111,132,88,89
208,187,221,102,143,30,147,206,228,196,72,80,230,105,200,182,229,90,168,22,239,237,187,12,255,34,9,170,128,125,30,120,157
209,60,17,106,237,100,18,239,112,69,202,247,166,91,105,191,224,124,252,151,234,137,183,36,138,82,237,161,128,111,175,116,208
210,51,18,101,229,102,6,216,16,73,252,119,231,75,13,220,114,62,141,53,253,205,176,53,192,2,249,168,198,103,134,120,87
211,30,60,176,137,27,229,26,74,30,105,12,19,60,23,100,196,245,59,155,145,19,9,17,246,73,69,154,195,146,77,173,179
212,195,48,123,248,110,129,184,64,175,25,17,177,140,158,116,74,166,17,95,149,130,7,34,208,6,24,154,174,20,132,43,83
213,11,32,86,225,102,24,233,64,173,22,48,182,156,26,244,203,238,137,23,149,83,48,34,192,4,153,250,193,205,12,97,185
214,2,145,183,172,45,6,216,121,203,184,48,69,47,142,100,2,166,21,181,81,134,107,146,217,201,208,11,174,22,172,45,95
215,27,86,107,225,38,82,254,17,77,108,118,230,11,13,191,101,126,149,21,173,221,176,53,204,98,249,160,132,103,238,120,245
216,131,91,33,159,68,20,228,180,85,64,208,70,96,40,181,228,104,232,50,205,205,44,53,251,37,60,138,2,21,62,48,236
217,73,48,104,200,52,59,233,83,108,96,188,162,155,29,178,96,110,0,95,172,193,33,52,220,214,137,162,184,119,128,89,113
218,58,2,244,165,117,74,217,123,75,224,244,14,47,43,86,22,106,165,117,184,136,250,81,204,158,255,209,134,239,172,118,220
219,2,177,191,172,108,22,88,120,139,188,48,69,47,142,116,2,134,53,53,17,134,107,178,221,219,216,75,175,20,160,101,223
220,60,67,98,228,39,86,94,112,69,194,247,131,91,15,61,104,126,148,21,175,157,183,53,142,210,233,128,132,231,190,120,16
221,10,32,124,232,110,153,248,8,203,20,49,174,156,218,212,139,174,169,23,165,129,96,226,208,134,25,203,189,29,136,89,145
222,57,1,107,233,100,58,107,116,69,78,118,130,27,29,179,185,120,140,151,170,137,178,101,140,70,233,176,128,119,171,112,233
223,3,51,86,201,78,143,185,65,47,16,246,34,141,155,230,77,110,169,63,153,2,178,195,208,20,232,218,195,55,12,121,133
224,73,35,106,105,44,188,249,16,228,72,247,160,153,157,146,96,70,28,95,172,128,45,245,208,70,249,162,216,102,134,80,121
225,115,56,124,225,44,149,217,16,141,109,55,34,15,31,86,52,142,149,253,129,138,173,227,208,131,248,154,243,70,142,70,237
226,138,48,121,210,109,5,184,80,137,27,49,82,156,142,100,171,238,25,151,209,131,70,146,192,85,25,250,170,20,9,33,179
227,121,32,120,224,100,52,217,84,9,104,180,10,61,31,146,32,238,153,31,172,128,39,48,206,83,221,170,184,7,128,99,105
228,186,67,114,232,117,211,88,83,9,104,252,74,15,15,54,52,206,173,151,137,140,187,17,192,147,248,130,129,70,140,102,142
229,130,224,146,217,110,137,185,67,190,19,81,178,156,219,100,201,167,57,147,145,2,84,2,209,4,24,90,234,156,128,33,161
230,57,1,82,225,116,202,121,17,73,64,112,35,27,27,54,20,110,181,149,129,201,184,1,204,134,217,130,64,111,136,96,209
231,189,74,106,79,100,54,235,80,84,192,119,6,81,105,183,104,124,228,23,238,137,178,37,138,114,233,226,128,111,251,112,240
232,99,0,90,168,126,183,184,72,141,128,112,130,156,142,54,40,250,165,127,181,4,163,246,212,21,184,154,136,21,8,121,212
233,11,130,182,188,117,22,217,120,219,145,52,0,223,239,63,62,159,209,181,61,130,107,10,205,202,218,79,174,150,172,33,137
234,15,129,254,252,101,2,88,187,155,144,52,128,255,238,123,58,147,113,53,61,84,96,26,201,203,223,111,204,150,172,73,3
235,187,4,66,225,53,168,105,17,41,4,242,186,139,25,151,89,234,177,23,129,40,182,64,198,182,249,162,128,111,136,114,139
236,83,32,80,168,108,139,233,72,137,192,241,139,12,139,54,140,254,173,255,229,4,35,130,216,20,120,139,250,127,136,115,212
237,188,206,253,245,198,98,255,183,116,247,126,18,49,45,156,107,123,198,19,168,176,252,53,226,111,47,246,65,231,216,244,240
238,67,82,98,140,93,15,232,88,201,201,176,75,140,142,48,40,126,177,95,161,132,39,20,204,23,16,138,170,119,12,123,134
239,2,10,112,209,103,200,232,19,169,29,176,22,140,11,86,75,110,129,151,153,130,44,0,193,22,80,218,233,31,136,245,131
240,3,2,82,129,71,12,249,83,169,16,188,2,13,27,119,15,110,145,83,185,208,51,148,192,22,88,218,47,39,206,121,136
241,42,2,82,128,109,65,237,81,205,18,212,2,140,15,126,70,238,129,223,169,208,51,144,192,212,24,138,173,23,140,43,128
242,185,25,106,229,100,18,239,80,69,38,118,54,19,25,178,96,108,156,23,234,152,190,117,138,86,237,160,132,111,169,112,224
243,130,234,112,145,102,184,185,67,173,81,54,146,140,14,82,111,110,153,151,153,2,48,6,193,84,16,218,161,23,204,37,133
244,27,1,58,224,36,153,216,68,41,8,252,10,190,30,180,48,238,169,23,13,76,182,112,200,211,217,42,251,22,140,43,105
245,10,0,119,233,111,97,185,66,13,93,80,7,140,142,245,201,238,9,55,213,147,48,130,208,4,89,250,232,156,13,37,241
246,3,120,51,216,109,156,185,67,175,29,24,4,156,158,96,234,166,25,159,17,150,13,50,209,131,16,26,234,144,0,161,135
247,57,84,107,225,100,2,109,81,85,101,119,38,19,25,179,105,126,140,23,168,136,182,117,128,118,233,160,4,231,216,244,224
248,41,17,107,237,118,19,235,120,68,202,117,230,83,77,185,48,126,168,22,238,201,178,100,12,70,173,161,128,127,171,112,241
249,74,82,114,224,36,200,107,16,169,64,112,67,159,11,127,88,234,129,31,128,144,36,148,224,199,221,146,131,108,141,85,9
250,6,136,86,138,79,5,184,224,172,19,69,2,141,187,123,79,110,25,27,179,112,11,18,192,93,80,218,110,151,14,41,136
251,104,34,96,237,125,94,104,25,195,232,190,6,155,143,86,36,106,133,174,200,204,32,245,148,71,249,162,169,119,142,84,154
252,10,248,178,216,75,245,185,71,143,29,64,18,172,158,100,43,238,57,155,144,18,77,50,209,13,16,90,106,144,0,165,151
253,2,66,88,129,110,56,189,71,169,80,16,147,156,30,82,143,238,145,151,131,3,48,0,192,20,16,138,175,21,217,181,213
254,185,78,120,225,116,30,120,83,101,32,254,210,27,13,144,112,110,152,23,168,204,182,85,136,215,233,162,129,103,137,250,130
255,187,80,112,224,101,60,232,64,73,14,177,58,156,30,84,163,238,145,215,163,165,35,192,192,150,25,170,188,87,76,123,147
256,184,14,112,227,117,28,106,16,97,8,126,194,63,15,50,112,110,152,23,137,204,188,68,164,215,249,162,129,103,142,96,139
257,155,195,96,184,117,145,172,253,20,69,208,199,40,72,54,64,254,43,147,229,214,42,6,253,54,104,142,200,31,28,249,222
258,44,12,107,207,68,54,239,112,68,202,95,66,113,77,181,96,120,116,19,234,193,163,53,168,83,41,162,128,119,235,124,176
259,233,48,120,225,116,218,232,24,229,172,182,38,155,155,214,0,106,164,95,168,141,32,229,156,70,201,160,169,103,136,92,241
260,29,94,107,78,86,22,235,112,68,204,95,134,89,77,183,100,126,252,23,238,201,182,61,140,82,111,163,128,39,171,112,241
261,50,20,111,172,108,35,233,75,132,136,250,118,17,154,188,96,248,157,63,161,8,183,1,72,16,40,170,132,117,8,116,160
262,189,17,107,225,86,54,235,112,81,228,87,198,83,24,181,100,126,156,22,234,137,178,53,142,81,201,163,132,103,171,118,224
263,41,144,247,241,100,88,104,185,247,149,114,134,235,235,181,72,251,137,55,60,143,248,54,205,142,219,231,196,255,168,116,217
264,50,68,114,224,36,66,77,81,65,192,243,131,75,15,62,213,254,149,149,161,217,179,1,200,178,248,130,134,103,251,244,20
265,74,49,52,204,109,21,185,72,139,172,176,44,140,154,96,34,206,21,255,65,6,3,179,209,145,144,139,190,30,140,37,149
266,2,122,51,152,105,197,184,67,143,89,16,17,172,158,102,42,230,49,155,17,22,15,50,209,215,24,26,251,18,4,165,199
267,121,112,120,232,36,107,75,23,81,100,244,42,27,25,146,145,62,136,149,170,136,176,32,158,226,205,32,184,127,136,82,112
268,130,34,112,128,110,104,185,67,141,82,116,19,141,139,119,3,106,129,19,185,32,62,134,192,22,216,138,175,133,136,37,206
269,50,2,106,201,76,2,249,75,45,33,242,82,18,136,180,112,248,140,31,161,136,191,1,196,208,40,154,196,85,8,116,131
270,126,158,226,130,215,64,239,228,57,67,176,219,24,59,55,15,235,195,151,163,240,63,20,226,61,30,222,198,197,124,247,200
271,131,16,50,136,108,189,185,70,173,89,85,49,172,159,107,238,198,57,159,147,130,38,66,209,197,16,26,234,18,31,3,235
272,45,27,110,204,6,22,167,112,68,136,127,66,113,89,183,104,124,116,19,234,192,161,53,172,67,47,162,129,119,171,120,160
273,43,193,3,189,5,148,172,45,84,64,194,66,96,76,60,225,208,42,26,165,199,43,53,157,49,124,142,10,29,28,248,220
274,2,142,138,153,87,225,184,71,30,7,84,179,44,142,38,72,231,59,147,145,50,156,2,215,158,7,154,203,148,12,189,215
275,49,2,122,224,100,18,201,81,73,96,117,194,19,15,180,48,126,140,21,236,137,178,36,204,210,169,162,128,109,138,118,177
276,184,17,120,240,100,156,108,19,57,73,246,50,155,27,51,208,238,145,149,128,232,180,0,194,150,217,162,192,39,136,122,129
277,201,112,122,233,52,152,121,20,237,72,118,164,155,157,150,232,198,25,223,93,130,164,224,192,198,249,50,200,70,134,82,89
278,10,34,246,236,45,2,88,91,139,157,52,64,47,203,244,150,134,5,53,93,192,105,3,209,138,217,107,237,30,168,65,11
279,134,52,90,240,228,156,120,18,185,11,48,16,159,155,118,17,174,137,31,128,34,45,16,194,134,217,10,203,20,128,67,129
280,3,72,99,205,116,18,175,244,68,202,86,230,112,68,181,101,126,100,18,239,193,148,36,232,32,42,170,128,29,187,113,236
281,53,64,99,77,84,3,235,112,69,0,255,194,113,81,181,36,120,168,22,234,201,178,37,221,116,40,160,128,119,171,112,160
282,3,75,111,204,68,22,175,112,84,192,94,198,49,12,183,100,126,100,18,239,193,177,53,238,32,44,170,128,21,187,112,124
283,130,16,80,161,109,40,168,83,172,83,80,151,157,142,116,11,110,145,151,145,32,62,146,192,20,81,250,172,21,12,33,184
284,41,73,106,94,69,150,207,240,84,72,116,66,51,73,177,96,92,248,18,234,201,170,112,189,103,169,160,8,123,187,112,232
285,45,74,106,78,100,82,239,80,84,196,119,194,113,125,183,225,126,104,147,234,128,177,36,172,98,233,162,128,103,187,112,160
286,235,51,112,234,52,193,217,80,13,40,183,46,15,159,214,112,206,157,93,193,142,35,209,208,211,249,130,186,70,143,98,7
287,180,64,123,192,70,96,248,64,73,48,179,99,17,14,245,74,106,129,31,173,136,51,129,192,87,136,162,1,69,8,113,194
288,73,16,122,232,36,217,123,16,108,72,247,204,155,15,178,96,102,56,31,44,128,48,36,192,214,249,50,184,118,136,89,113
289,114,65,82,192,79,127,201,72,9,160,177,26,8,11,60,19,120,145,91,161,8,35,16,192,211,137,138,61,113,42,246,128
290,194,96,116,193,78,104,185,68,169,20,149,134,140,10,116,10,106,129,19,241,1,50,164,192,21,24,138,173,85,154,187,193
291,250,48,122,234,60,141,90,80,13,44,183,46,11,11,148,96,206,149,93,67,136,35,241,210,146,221,160,251,103,139,76,33
292,66,96,84,129,110,16,184,64,169,57,48,146,141,14,80,43,110,17,151,215,0,50,162,192,85,16,218,173,5,14,39,213
293,10,135,2,152,159,177,152,103,12,5,89,183,172,110,186,64,95,163,147,133,54,136,4,223,104,102,154,203,151,76,189,90
294,42,2,246,236,125,18,88,24,139,168,48,64,175,139,244,166,134,5,117,25,3,105,163,217,203,221,43,237,22,174,105,233
295,60,0,103,231,68,18,235,112,69,198,247,130,91,77,183,225,126,228,151,238,200,176,37,136,82,233,161,132,111,175,116,241
296,2,142,42,186,19,161,185,67,31,5,89,179,44,142,38,64,231,59,147,145,54,156,0,247,76,22,154,195,149,12,189,211
297,3,203,106,138,86,147,190,229,92,72,208,231,33,200,182,160,126,41,150,231,246,184,4,253,56,72,174,195,93,30,249,141
298,10,33,116,193,111,89,248,88,137,248,177,79,12,138,95,11,174,161,55,225,133,32,162,208,87,24,203,173,93,45,85,209
299,48,0,120,193,102,32,233,66,73,21,178,34,24,11,86,75,234,129,23,145,138,186,1,192,22,8,154,68,5,8,116,192
300,18,0,107,193,68,104,233,81,40,17,178,2,20,15,20,91,106,145,23,153,130,185,1,192,20,40,250,196,69,8,117,136
301,2,98,80,128,79,0,188,84,172,80,180,194,156,10,116,139,110,145,95,233,144,51,20,192,85,17,250,173,13,79,167,177
302,2,240,58,152,75,245,184,71,142,89,0,2,140,158,108,207,230,57,155,145,19,11,18,209,21,16,26,107,144,0,37,187
303,128,144,90,153,102,248,184,2,60,81,82,50,188,154,168,104,231,43,19,145,22,188,34,209,76,37,186,65,148,0,37,233
304,58,32,244,229,60,14,72,18,35,233,242,11,171,15,214,146,206,181,253,20,152,186,193,140,142,248,178,144,103,140,114,170
305,128,16,77,129,68,8,169,66,40,25,179,82,148,10,16,75,234,129,23,145,3,250,33,192,85,32,250,192,77,8,117,168
306,138,48,115,192,110,97,185,66,143,31,20,187,140,143,116,10,134,17,215,149,147,7,34,192,6,24,154,170,22,132,43,241
307,58,1,98,229,7,22,200,65,65,224,255,18,91,9,62,180,120,133,21,173,136,179,53,200,147,233,130,4,111,190,240,100
308,61,1,98,225,102,82,235,80,65,192,247,130,89,77,191,100,126,172,23,238,136,182,45,142,82,237,163,132,239,175,112,208
309,3,0,83,192,78,12,184,64,173,16,52,2,140,158,120,11,106,145,91,185,4,51,144,192,21,80,202,110,5,9,37,134
310,114,32,112,229,60,27,88,19,43,169,178,194,15,26,84,178,234,133,253,129,137,58,225,221,158,221,146,244,108,136,64,89
311,183,0,122,224,6,2,73,80,1,128,251,130,75,15,61,117,122,149,21,163,248,183,5,200,147,233,130,135,103,170,112,33
312,130,32,186,185,100,225,184,6,190,31,80,82,156,138,112,72,231,25,19,145,131,84,34,211,4,24,186,235,156,128,169,209
313,234,48,112,233,53,213,88,17,13,105,246,63,175,31,22,112,134,185,221,192,143,186,225,149,135,249,184,243,39,140,78,91
314,118,19,120,192,102,52,248,81,41,112,186,175,12,30,221,59,238,149,23,145,154,51,21,192,22,24,138,246,77,143,243,87
315,130,85,19,234,229,172,252,71,173,14,56,21,188,154,100,200,134,35,159,18,70,37,50,243,229,208,10,235,16,81,165,195
316,140,204,252,243,244,40,238,183,116,23,126,18,121,41,144,65,105,214,55,154,241,252,109,239,111,175,246,65,231,217,244,155
317,82,49,58,168,60,29,88,89,15,172,184,12,143,142,96,128,174,149,223,129,10,43,129,208,147,212,10,190,20,8,3,51
318,249,33,104,97,20,10,249,112,65,96,254,138,19,13,151,32,122,140,21,236,200,178,117,156,210,201,160,132,103,138,112,97
319,130,112,176,184,107,229,184,66,26,95,85,55,140,223,98,12,205,25,147,145,130,70,154,210,13,21,218,235,144,13,165,211
320,60,89,123,226,164,248,78,20,109,2,255,14,139,27,52,212,234,163,20,74,152,176,112,166,178,217,162,16,103,219,208,72
321,61,72,107,204,102,18,235,80,84,192,87,2,81,77,183,96,126,252,23,239,201,178,36,174,82,109,163,128,103,187,112,241
322,57,80,104,225,100,218,122,16,33,4,247,23,27,9,16,88,122,128,23,168,12,186,101,140,215,205,178,128,103,139,242,145
323,2,143,46,184,210,161,184,103,22,5,216,183,44,46,54,64,239,43,131,149,50,136,0,223,44,38,154,195,181,12,189,219
324,37,3,103,77,68,2,235,120,68,192,247,66,80,72,181,101,120,168,18,238,201,179,37,204,0,40,163,128,119,187,112,228
325,171,0,82,232,116,140,105,16,169,5,116,146,139,15,60,124,234,153,23,92,170,180,0,194,134,217,178,136,102,152,73,177
326,98,58,120,225,53,205,216,17,169,105,190,105,174,31,6,84,206,181,221,129,136,187,208,192,147,253,154,179,71,134,75,91
327,29,2,110,229,6,18,239,112,68,198,95,130,89,77,187,98,126,228,23,238,201,176,37,140,82,235,162,128,111,191,116,113
328,202,0,33,200,77,69,232,72,137,33,225,27,28,143,52,139,232,129,83,181,1,35,208,208,85,8,154,47,19,8,115,162
329,82,152,188,148,125,134,216,103,27,233,176,9,44,62,0,163,230,53,53,1,1,218,209,205,155,219,90,243,2,4,41,59
330,131,32,125,193,79,77,184,67,237,17,96,18,140,158,118,43,234,17,19,129,6,62,210,208,69,24,218,110,149,8,45,134
331,10,128,212,229,108,6,120,24,139,152,50,66,223,203,112,130,74,133,53,176,2,104,130,217,206,217,99,197,47,168,81,153
332,130,140,208,182,245,60,222,183,91,31,56,16,237,106,177,41,135,83,23,151,113,120,10,239,171,214,95,230,158,253,129,157
333,42,135,32,184,215,227,154,199,6,85,72,163,12,140,58,68,107,59,147,145,18,8,4,213,56,4,154,239,149,12,181,254
334,50,16,118,193,68,44,232,80,77,48,242,66,24,10,52,75,106,129,23,129,128,179,33,192,23,56,202,132,101,8,116,224
335,2,135,41,136,180,195,173,103,6,5,88,163,32,174,52,64,205,27,19,149,82,8,66,213,60,4,158,225,20,8,180,216
336,131,32,121,153,102,137,168,66,46,49,80,146,156,14,80,40,110,25,55,149,130,124,199,208,4,1,186,226,149,8,17,128
337,185,0,111,77,68,2,233,120,84,194,118,210,83,13,177,105,122,156,23,232,169,182,101,14,86,169,226,132,111,168,112,161
338,5,77,107,67,196,2,239,212,68,224,126,66,81,1,181,100,104,198,18,234,193,176,109,224,100,40,166,132,103,219,240,168
339,2,180,168,152,219,229,144,66,30,77,88,179,12,158,102,8,205,27,147,145,22,10,18,211,89,20,154,235,149,76,53,215
340,60,8,98,108,84,18,202,80,69,196,119,6,83,73,181,97,120,244,151,234,136,178,36,172,66,233,160,128,119,175,112,128
341,35,90,98,14,86,147,142,240,85,64,209,198,96,200,183,228,92,232,146,239,197,162,60,253,34,40,138,128,95,191,120,156
342,7,65,231,197,132,18,172,77,68,193,82,198,88,40,180,238,122,68,50,189,149,184,37,192,28,42,222,196,143,172,241,244
343,210,36,16,185,61,165,89,71,31,46,176,24,46,158,0,17,166,53,93,0,32,111,129,214,145,249,26,250,0,128,33,27
344,167,238,192,137,84,55,138,202,86,227,88,215,0,72,255,136,93,9,147,181,166,54,77,214,28,14,139,228,221,95,120,148
345,60,72,98,110,69,214,66,112,197,128,245,2,83,217,53,116,216,160,23,234,136,163,120,140,83,249,128,8,115,187,112,130
346,202,84,114,233,53,173,120,23,173,73,250,25,175,159,20,112,134,185,221,5,170,188,192,215,135,249,58,210,6,140,195,87
347,22,78,142,158,14,176,190,98,132,22,218,167,104,238,51,75,110,99,187,199,164,197,6,233,144,35,218,137,148,117,61,92
348,189,64,99,76,84,3,235,120,69,192,117,66,81,73,189,164,122,168,18,238,225,182,36,206,18,40,161,132,127,187,112,164
349,250,32,114,225,52,137,104,16,45,41,242,24,139,10,84,16,206,165,125,17,154,188,193,196,134,249,178,208,100,140,66,9
350,134,0,74,129,102,0,233,64,172,113,243,19,20,10,63,74,106,129,95,181,34,55,0,192,20,40,186,196,133,9,99,192
351,13,72,107,204,4,18,239,80,68,192,86,130,113,77,183,100,120,100,19,239,193,176,36,232,98,41,162,128,55,187,112,104
352,35,203,106,142,84,145,142,228,68,64,80,199,32,8,182,64,76,107,18,199,199,168,12,253,38,9,142,129,93,31,120,220
353,66,98,252,146,110,0,184,132,136,80,16,139,156,14,84,11,174,17,115,199,130,66,138,224,20,24,238,170,21,56,23,209
354,72,32,120,229,60,10,234,24,195,160,191,66,153,137,215,64,122,132,125,234,192,33,163,154,70,205,163,188,103,139,88,8
355,26,148,30,168,155,229,152,67,142,29,152,3,188,158,34,64,229,59,159,145,18,137,18,213,233,197,186,195,144,64,173,155
356,9,73,110,204,4,146,235,244,196,128,86,2,48,41,181,100,104,96,18,203,128,176,36,237,100,41,162,0,55,249,112,232
357,202,32,16,228,124,134,216,84,11,173,178,4,15,138,84,0,134,53,125,1,131,47,129,216,146,249,42,187,86,130,77,13
358,61,25,110,76,84,146,235,112,68,128,118,34,113,73,181,96,120,96,23,106,136,176,36,168,66,233,162,128,119,187,112,232
359,29,8,107,71,70,82,235,112,68,192,87,198,113,77,183,96,126,228,23,239,129,176,37,232,66,41,162,128,47,187,112,240
360,135,16,240,192,103,16,216,16,137,112,180,187,12,31,254,43,166,145,151,149,132,101,36,192,2,89,122,190,23,132,1,85
361,130,0,96,192,102,16,248,64,201,80,177,155,140,30,221,43,174,145,159,181,129,39,36,192,22,24,218,190,55,132,115,197
362,2,0,68,129,79,36,232,64,169,17,100,130,140,14,116,15,106,129,19,153,16,50,146,192,21,8,218,44,5,8,241,128
363,130,0,84,145,71,12,169,65,172,19,98,18,140,10,116,75,106,137,51,145,2,116,18,208,21,8,218,64,21,8,241,128
364,62,2,102,224,102,66,200,76,65,166,179,130,75,15,60,86,122,133,23,169,136,183,1,200,146,232,170,133,103,186,116,0
365,11,151,2,141,150,144,188,103,4,65,90,231,44,42,50,192,110,35,147,133,214,136,4,221,36,36,138,193,29,12,185,93
366,60,141,114,227,164,168,78,183,113,74,126,2,155,43,57,80,107,235,21,202,248,184,64,166,230,221,166,128,247,218,240,8
367,61,72,107,77,68,18,235,80,68,192,87,194,89,77,183,96,122,236,23,239,136,178,36,168,82,105,162,128,103,191,112,224
368,82,113,16,160,53,143,90,85,41,40,240,40,159,30,0,16,238,157,157,193,8,187,192,220,177,221,10,186,28,136,35,11
369,63,16,117,225,38,22,216,24,73,232,181,171,73,15,157,47,62,149,21,175,141,0,101,200,130,89,202,182,39,166,82,213
370,39,133,65,139,212,19,202,248,71,97,89,198,80,72,188,228,93,202,18,239,215,50,109,247,60,12,171,228,127,143,248,212
371,6,0,92,129,110,8,172,64,172,16,16,130,148,14,112,11,110,145,19,131,2,48,194,192,20,0,234,172,21,8,177,144
372,3,48,92,161,78,4,184,68,137,16,48,2,141,10,116,11,110,129,19,209,68,50,210,192,21,88,202,173,5,24,33,128
373,55,0,107,225,6,2,88,80,65,224,247,194,83,13,189,112,126,149,21,170,156,178,37,200,18,232,161,134,101,170,112,37
374,142,32,112,128,111,13,248,64,137,240,177,11,8,27,93,11,46,129,215,225,192,51,144,192,23,89,202,168,71,12,113,195
375,12,154,252,247,244,140,250,180,118,145,118,39,249,107,146,65,55,110,55,216,178,248,15,239,78,239,247,193,239,168,88,137
376,2,134,2,152,146,161,184,99,28,5,90,183,44,110,34,64,127,43,131,149,54,136,0,223,40,38,154,195,148,12,189,219
377,41,73,104,108,116,148,207,112,68,200,244,2,51,77,177,96,88,232,23,238,201,170,101,173,99,233,160,136,119,187,112,232
378,2,188,162,152,215,229,184,67,30,69,89,147,172,156,118,0,233,27,147,145,18,10,18,211,9,20,154,235,148,76,181,210
379,39,64,99,76,84,83,235,120,69,192,113,66,80,72,189,228,88,168,18,238,193,178,36,204,32,40,129,128,127,175,112,164
380,2,0,112,129,110,8,169,64,232,112,240,2,140,10,118,11,106,129,19,225,128,50,128,192,20,24,202,172,5,29,113,194
381,48,0,109,193,70,0,233,65,72,17,178,67,17,11,84,75,106,133,23,157,136,51,1,192,84,8,250,132,69,8,240,160
382,29,8,106,207,6,18,235,80,68,192,87,134,89,77,179,96,126,228,23,238,137,176,37,168,66,105,163,128,39,187,112,112
383,29,0,98,71,70,18,235,80,101,192,87,130,89,77,191,100,126,228,21,238,141,176,45,136,71,233,163,132,103,175,112,224
384,177,2,107,77,68,2,233,88,69,8,119,194,19,13,181,100,120,156,22,234,169,178,37,12,86,168,224,132,119,169,116,177
385,130,176,176,152,107,229,184,66,155,91,80,51,140,158,102,40,207,27,179,145,150,94,146,211,13,17,218,235,148,76,23,215
386,3,72,107,204,4,22,175,112,68,200,86,198,112,68,183,100,108,100,18,239,193,176,36,232,32,40,170,128,53,187,112,124
387,138,0,115,161,79,8,232,65,136,17,112,18,141,10,116,11,110,145,19,177,129,54,146,192,85,201,218,108,37,136,51,128
388,118,0,98,238,85,86,202,64,193,128,161,11,74,218,63,114,248,149,147,227,72,163,176,204,147,248,131,30,67,43,114,214
389,55,0,106,224,68,6,232,80,65,40,178,3,11,9,124,18,104,133,23,181,140,179,1,192,147,233,162,132,229,138,112,0
390,128,0,122,161,102,8,233,80,172,83,243,18,21,10,121,75,110,129,23,177,130,54,0,64,84,137,186,164,149,8,113,128
391,38,107,160,154,206,129,143,200,150,20,85,175,72,204,255,13,93,73,131,215,198,70,14,240,120,0,143,237,149,63,188,196
392,118,0,6,192,69,70,232,64,129,0,179,2,72,154,61,75,232,133,91,163,8,163,16,192,19,152,202,30,65,42,112,130
393,60,140,122,246,52,142,94,243,113,10,252,10,127,107,57,80,251,235,21,40,232,186,72,175,251,223,164,128,242,234,98,9
394,57,200,239,247,116,10,107,246,116,85,118,66,51,41,176,113,106,206,55,218,201,188,101,32,78,235,244,192,101,136,112,168
395,7,11,134,158,132,50,172,1,212,194,83,199,72,232,183,203,124,101,187,165,148,209,6,200,0,42,203,128,157,111,185,84
396,41,73,104,109,116,150,207,188,68,72,116,2,51,9,183,96,88,232,23,234,201,186,117,189,103,233,160,136,119,154,112,232
397,134,235,128,154,150,129,158,196,22,23,17,183,76,206,123,72,95,91,131,215,114,68,10,240,40,2,159,225,148,31,180,201
398,38,99,228,140,206,1,156,233,134,180,152,175,8,204,127,3,92,233,163,247,198,99,142,208,56,0,207,191,21,126,52,197
399,167,174,160,152,212,179,138,202,86,67,81,215,64,200,254,136,93,73,147,183,182,38,14,247,8,6,139,236,157,13,56,212
400,3,78,166,158,6,162,168,194,148,22,90,135,104,232,51,75,111,99,187,135,164,193,14,237,0,34,218,129,29,125,57,76
401,195,48,252,192,110,0,248,0,137,242,52,187,28,30,222,43,174,145,87,149,132,101,164,192,6,24,250,190,5,128,3,213
402,54,0,46,192,69,6,233,80,193,128,181,10,80,139,61,10,248,133,19,171,136,163,16,192,81,57,130,4,65,43,114,128
403,134,16,114,224,79,5,248,72,137,48,145,26,12,154,125,11,238,129,27,161,0,39,144,192,23,24,202,46,69,40,113,130
404,34,181,32,136,215,225,152,67,30,69,88,179,12,140,118,0,201,27,147,145,50,10,16,215,41,4,154,235,149,12,181,214
405,127,16,102,230,7,22,218,88,97,224,183,2,91,93,63,54,124,149,149,171,140,179,53,204,83,249,137,20,103,167,112,86
406,89,96,72,226,52,27,75,24,33,160,181,14,155,139,210,0,58,140,28,238,140,35,172,220,242,201,162,184,119,131,98,64
407,6,142,98,154,214,177,186,232,22,21,89,247,104,238,62,200,127,75,131,215,182,14,14,247,8,38,154,207,149,15,189,213
408,130,141,22,152,225,236,188,199,174,27,74,17,172,158,96,72,161,59,187,17,22,205,2,241,5,48,90,75,144,85,165,147
409,163,78,66,158,84,179,142,224,84,66,89,198,96,72,183,229,88,106,18,239,229,166,12,255,34,46,130,128,95,239,120,156
410,35,203,104,136,84,145,142,229,68,68,208,199,32,136,182,0,76,43,19,197,198,170,4,253,32,8,174,153,93,28,248,204
411,167,106,224,152,220,147,142,200,150,182,80,199,96,200,255,140,93,73,147,247,230,70,14,242,58,14,143,237,157,61,120,212
412,134,0,122,128,78,0,232,64,108,16,241,18,21,10,125,75,106,129,23,179,128,55,68,192,84,9,170,140,21,8,113,128
413,3,11,166,158,78,176,190,194,142,86,210,167,108,232,183,74,110,227,187,199,132,137,14,233,16,38,218,139,29,127,57,207
414,18,167,38,184,159,225,152,199,142,85,216,179,44,140,54,1,232,19,155,145,62,11,6,213,169,65,142,211,149,76,181,222
415,40,72,104,237,101,22,207,120,69,72,116,2,115,9,49,100,88,232,23,234,200,162,117,173,103,233,160,8,119,187,112,168
416,130,96,22,129,79,4,172,69,9,16,96,18,140,10,124,11,106,137,19,145,66,50,210,192,21,8,218,108,5,24,161,130
417,39,133,97,138,148,19,142,233,70,65,217,198,64,104,188,228,88,138,22,239,223,32,109,149,40,12,139,196,93,143,240,244
418,167,77,99,71,196,50,239,245,68,194,90,66,80,40,189,228,120,70,18,234,209,184,45,234,36,40,166,132,199,251,240,172
419,35,129,97,79,148,19,143,121,68,65,93,66,80,72,188,100,88,2,18,239,211,168,109,157,36,40,139,196,93,138,240,228
420,181,140,107,77,212,34,239,246,84,3,126,18,17,41,180,100,123,206,23,170,249,188,101,110,118,174,180,128,229,248,240,168
421,130,149,22,184,187,228,184,99,142,25,154,49,172,190,32,65,231,19,155,145,50,9,18,213,137,211,154,211,144,4,165,83
422,2,181,32,152,215,225,145,67,30,85,88,147,12,188,102,0,237,27,147,145,22,10,50,215,9,20,154,235,149,76,181,214
423,118,0,107,228,70,2,203,80,97,192,179,195,83,13,188,114,126,133,21,175,136,179,37,200,82,232,163,132,101,170,112,0
424,210,145,23,216,219,197,29,103,133,85,192,131,40,151,36,197,100,147,187,144,83,11,50,213,59,0,206,203,50,4,164,126
425,10,148,22,184,185,165,184,67,142,25,24,48,140,190,32,65,199,19,159,17,50,9,2,213,137,209,58,194,144,68,161,19
426,250,202,103,158,78,192,79,164,133,20,214,167,40,133,183,199,110,224,175,206,72,11,38,253,50,34,202,155,55,156,52,109
427,128,144,152,185,178,173,57,19,62,11,86,49,189,151,96,72,199,27,31,29,18,156,2,83,204,149,58,192,148,192,161,209
428,114,0,102,193,70,18,248,24,105,112,182,130,73,14,158,34,126,149,157,173,136,161,165,192,18,104,194,148,103,140,113,85
429,167,98,192,152,220,19,140,204,22,254,16,239,0,200,255,136,93,73,147,245,166,103,14,210,56,14,143,237,157,61,120,148
430,3,193,231,133,132,18,172,247,92,209,82,214,72,44,180,239,126,76,50,189,213,248,37,192,12,42,222,196,143,188,249,188
431,130,32,152,177,102,137,184,66,62,51,80,18,157,138,112,73,111,25,23,145,2,212,67,208,132,209,250,225,148,8,33,129
432,240,101,105,196,20,42,207,63,64,160,252,78,147,9,149,96,120,172,20,234,201,50,228,159,242,205,163,172,111,155,242,40
433,2,78,166,158,11,224,188,226,148,22,218,163,44,238,51,75,103,115,187,135,36,205,6,233,0,34,218,139,20,117,61,90
434,148,0,202,161,70,0,169,88,44,51,241,18,21,138,121,75,106,137,19,177,0,55,0,64,85,137,250,44,53,40,113,128
435,6,188,150,154,203,224,178,195,174,23,73,3,172,254,98,64,163,59,187,19,82,9,154,243,29,20,14,75,144,70,37,218
436,7,134,66,136,22,178,170,234,22,65,89,247,72,234,190,192,127,11,147,165,183,128,13,255,40,36,139,196,157,79,57,212
437,214,32,237,225,102,2,233,24,8,242,177,211,29,14,92,43,46,149,23,165,128,101,133,192,84,8,250,164,37,160,113,81
438,6,206,2,154,147,177,186,204,22,21,64,151,104,206,63,200,127,75,131,215,166,4,14,247,40,6,155,207,149,31,189,212
439,130,149,36,152,159,209,144,103,150,85,64,147,8,140,54,9,73,27,147,145,118,110,54,215,41,2,158,107,149,12,181,214
440,163,4,99,77,196,50,237,127,85,66,126,82,88,40,181,237,120,164,18,172,177,180,101,206,36,46,226,132,255,252,240,164
441,54,72,106,236,100,22,202,112,193,136,245,2,115,73,53,16,216,224,23,234,200,163,112,172,179,249,128,24,117,187,112,0
442,60,16,26,234,37,141,90,80,173,9,245,8,191,219,40,80,212,169,14,82,10,163,80,176,211,217,34,58,18,11,3,3
443,167,12,74,158,4,179,142,97,84,66,89,199,96,104,183,229,88,98,18,167,165,164,28,191,34,46,202,128,93,127,120,156
444,39,12,97,1,116,187,235,210,95,225,88,198,144,40,213,164,89,40,18,189,183,184,101,222,12,30,131,228,221,205,80,244
445,167,99,192,152,220,147,140,205,22,228,80,199,32,200,247,140,93,41,147,181,230,86,6,218,58,14,143,172,157,60,248,220
446,2,148,148,185,177,165,184,2,142,17,8,16,140,158,32,72,199,19,155,17,18,137,18,213,141,212,26,66,144,64,33,146
447,53,72,105,236,36,6,203,112,69,136,241,66,83,73,181,96,88,224,21,235,201,162,101,172,226,168,160,136,117,187,112,32
448,34,35,102,132,76,3,172,111,130,180,216,175,0,172,114,3,78,143,179,165,212,123,198,200,52,0,207,189,21,108,148,220
449,6,11,166,158,78,144,190,193,134,20,82,167,108,232,51,74,110,99,187,199,134,137,14,233,32,34,202,139,149,63,61,204
450,248,32,120,234,100,143,90,80,81,40,117,25,31,11,24,17,182,169,21,46,168,182,64,136,211,201,32,160,102,139,82,17
451,67,193,166,129,132,18,168,239,102,241,82,199,8,138,246,226,108,77,59,213,213,217,133,192,28,42,222,196,141,4,185,28
452,38,175,224,142,206,193,158,232,130,148,152,171,104,238,127,130,79,251,215,231,78,3,142,243,56,0,207,191,21,126,55,223
453,10,149,30,185,184,164,24,19,142,25,24,49,188,158,32,64,199,19,159,145,50,9,18,213,233,213,58,195,144,64,165,19
454,114,202,103,206,78,209,78,164,133,4,212,163,104,134,181,199,74,240,175,198,72,11,38,253,50,32,202,155,55,158,116,124
455,2,200,38,156,11,224,60,230,132,87,202,163,44,174,34,74,227,115,187,129,64,137,2,241,1,38,218,139,20,92,37,90
456,48,72,104,237,36,22,70,56,69,72,252,2,115,25,53,100,216,224,21,106,200,162,113,173,99,249,160,0,115,251,112,10
457,90,216,54,184,11,192,28,231,141,86,130,163,44,158,34,65,231,179,187,129,74,15,18,245,177,243,222,91,16,4,165,90
458,7,205,99,207,148,50,174,247,68,194,90,66,80,40,181,228,89,70,18,239,245,184,45,234,36,46,174,132,77,251,240,172
459,70,11,166,158,142,128,190,1,134,132,219,167,104,238,51,74,110,99,187,199,150,139,142,233,16,36,142,137,148,39,61,68
460,150,253,18,154,139,229,182,198,143,19,136,50,44,190,96,66,227,83,155,211,114,15,26,243,185,20,30,123,144,85,165,154
461,2,253,26,154,203,225,180,199,142,21,200,179,12,158,97,74,227,91,187,209,82,11,10,243,49,16,30,235,148,81,165,155
462,146,149,20,152,155,229,152,67,158,29,152,55,12,222,104,73,237,19,155,145,50,73,18,213,153,80,154,219,144,76,165,211
463,166,74,224,154,148,129,142,200,22,23,81,151,104,200,127,72,93,73,147,215,230,70,14,243,42,6,143,237,159,159,184,212
464,49,69,99,73,84,35,111,120,65,64,124,194,83,69,181,52,120,136,22,238,201,178,101,157,116,8,161,132,103,187,242,240
465,7,140,0,138,148,179,138,238,70,65,72,199,64,104,59,192,93,66,19,245,183,0,28,255,40,6,143,68,157,95,56,84
466,167,102,192,136,148,179,138,206,86,98,80,215,64,200,247,136,93,9,147,181,167,54,15,222,40,14,143,228,157,61,120,148
467,37,133,105,73,148,3,207,249,68,96,93,66,81,64,188,36,88,8,18,238,211,50,109,29,44,8,163,196,117,139,240,228
468,98,149,23,216,219,245,24,103,143,89,152,98,12,150,36,229,228,147,155,144,19,11,50,213,59,16,138,250,147,4,164,119
469,135,69,10,140,132,34,142,39,84,194,90,215,112,104,183,96,89,102,19,167,245,128,4,202,32,46,174,128,157,123,248,20
470,163,14,106,158,4,163,142,107,84,70,89,215,96,104,191,73,89,34,18,167,164,164,14,191,32,46,203,128,29,125,120,204
471,2,15,166,158,132,162,142,160,148,6,81,135,224,232,179,73,72,99,179,135,164,192,14,249,0,38,218,129,148,127,60,76
472,66,11,166,158,30,192,190,65,134,4,217,163,104,206,51,66,110,99,171,199,22,11,142,233,48,36,138,139,20,47,53,90
473,45,141,105,73,148,19,207,251,68,96,124,66,81,1,180,96,88,0,18,238,209,184,109,29,100,41,161,196,125,169,240,160
474,37,141,105,205,212,19,207,249,68,64,93,198,81,108,188,100,88,10,18,239,211,184,109,157,36,40,163,196,61,170,240,228
475,2,142,37,158,12,225,142,230,150,87,72,163,96,172,51,73,73,99,163,199,38,136,14,253,0,34,218,129,20,93,52,90
476,34,206,100,154,15,145,156,230,132,22,216,163,40,204,54,65,73,35,163,199,70,171,14,253,32,2,218,195,21,94,188,206
477,4,4,254,243,100,44,121,24,232,27,119,16,215,75,184,74,95,0,55,10,128,164,42,66,71,159,114,132,208,202,81,161
478,2,212,22,152,139,132,188,231,140,27,64,51,44,158,32,75,229,19,187,129,114,77,18,213,41,50,222,195,16,4,173,11
479,144,32,152,177,7,237,249,82,62,19,4,18,157,27,120,72,225,11,27,153,2,156,17,66,205,197,154,101,176,64,33,130
480,2,149,181,216,251,165,25,83,143,25,28,114,156,183,228,77,199,19,151,144,147,11,34,213,73,24,26,234,146,72,165,51
481,6,157,150,154,155,193,176,195,142,21,73,163,108,254,106,64,231,59,171,145,82,9,10,241,8,0,143,203,148,70,37,195
482,66,75,166,158,31,128,190,197,134,20,192,163,96,238,51,66,106,107,187,199,70,11,142,249,48,32,222,139,20,31,53,94
483,6,203,134,154,139,129,190,197,150,21,64,163,45,206,107,73,111,123,163,215,66,75,10,241,41,64,158,203,148,95,165,202
484,21,141,107,231,148,18,174,241,68,194,91,66,113,104,189,224,120,70,18,239,197,176,45,44,44,45,167,128,101,250,240,172
485,35,76,97,137,20,51,138,238,86,224,90,198,0,40,181,228,89,8,18,189,165,184,101,158,44,14,139,228,221,92,112,220
486,11,183,56,232,176,181,57,83,79,77,92,52,141,135,226,100,199,27,151,28,150,8,32,213,74,221,58,235,146,204,169,199
487,148,72,108,65,44,2,203,152,196,144,182,2,211,65,189,111,114,68,125,234,168,101,47,8,64,169,231,148,103,185,112,32
488,35,99,192,149,68,155,172,71,22,224,82,199,160,8,214,136,76,47,147,149,197,220,69,200,4,2,158,160,29,12,216,156
489,35,135,67,137,212,19,174,111,86,225,88,198,0,40,182,228,125,14,19,189,245,184,69,222,44,14,159,196,157,140,248,156
490,6,3,134,158,132,130,172,33,148,133,83,151,96,234,59,75,124,103,179,149,180,208,6,200,8,38,222,129,149,108,189,68
491,129,104,127,91,100,132,169,144,222,88,86,0,184,221,247,109,6,56,51,78,131,124,174,241,71,24,227,168,20,129,81,233
492,35,197,97,137,212,35,207,255,70,224,88,194,80,40,181,100,89,10,18,189,245,186,37,158,40,12,165,228,117,250,240,236
493,52,88,122,236,6,78,83,208,73,128,244,2,114,25,53,112,218,240,21,98,72,163,112,172,243,169,0,19,117,59,116,10
494,131,163,96,145,84,155,168,103,30,97,82,215,168,8,150,132,110,43,147,133,247,184,69,215,4,14,154,192,13,12,217,220
495,99,149,21,216,251,245,152,67,143,89,24,98,12,190,228,229,197,19,159,144,151,11,50,213,59,24,138,234,154,12,169,183
496,6,137,128,154,149,131,138,201,22,196,64,135,104,202,59,72,89,43,147,213,38,64,28,222,40,6,143,69,156,124,56,86
497,10,52,184,184,186,165,152,66,142,19,8,17,156,158,96,8,135,27,155,145,146,72,18,209,201,213,26,106,148,72,1,147
498,2,220,36,152,15,193,156,231,134,23,128,147,40,142,34,67,73,19,187,131,64,77,26,245,33,34,222,211,20,28,181,90
499,124,0,111,230,68,6,235,80,193,128,179,2,91,73,60,67,248,133,23,171,136,163,24,200,81,169,139,4,69,171,112,0
500,67,193,134,129,68,18,168,196,70,241,82,199,8,136,246,226,104,77,59,213,199,217,133,192,28,40,158,196,13,4,184,28
